timestamp,city,pm25,no2,aqi,temperature,wind_speed,lat,lon
2025-01-01 00:00:00,CityA,46.11906704150614,23.825773390289715,83.87713634474426,17.283851018263146,2.6475716881667455,40.0,-74.0
2025-01-01 01:00:00,CityA,36.215193361883735,25.31024497435638,80.98386200929427,7.30776692866786,0.2134180362706345,40.0,-74.0
2025-01-01 02:00:00,CityA,30.364030098211092,20.61327102189843,56.62568007563611,11.152801747920401,0.9955014454527417,40.0,-74.0
2025-01-01 03:00:00,CityA,49.4452815380093,23.255862271117476,75.35349487622868,21.84339735494677,2.140350103362123,40.0,-74.0
2025-01-01 04:00:00,CityA,51.36827442489006,29.23429158944908,71.64496917444083,20.861621792660987,2.9157815559641693,40.0,-74.0
2025-01-01 05:00:00,CityA,46.7029475820703,22.380596950974258,79.34174235152277,7.123517154513451,4.271508536145756,40.0,-74.0
2025-01-01 06:00:00,CityA,38.766996552140796,23.243914723843577,65.91576494278237,18.87047762860154,1.8375836891253594,40.0,-74.0
2025-01-01 07:00:00,CityA,34.827550327334784,24.488693355156627,75.58612093795794,22.66068401073292,3.896433431563104,40.0,-74.0
2025-01-01 08:00:00,CityA,48.12857746631653,22.296794611478045,82.47706286893549,13.444739727961164,4.773367327439367,40.0,-74.0
2025-01-01 09:00:00,CityA,43.11883701708053,24.59191520602316,56.002451635148724,24.229387608812686,0.669397483148953,40.0,-74.0
2025-01-01 10:00:00,CityA,45.2746827878112,26.844807572041436,68.6599424630165,23.815708085215217,0.2958078339322723,40.0,-74.0
2025-01-01 11:00:00,CityA,39.75926288613772,21.321396807198767,73.00160570290986,18.53521846824416,4.490536002424209,40.0,-74.0
2025-01-01 12:00:00,CityA,38.12008221589405,21.954441081066193,77.70623819524073,17.443967336653216,2.2478955362570314,40.0,-74.0
2025-01-01 13:00:00,CityA,32.1940140257225,28.445973744370658,76.4889532099679,20.807272183264384,3.328112254004502,40.0,-74.0
2025-01-01 14:00:00,CityA,45.71028229914771,23.2068523495091,60.96723749318578,21.024312300665432,3.4714793243882602,40.0,-74.0
2025-01-01 15:00:00,CityA,54.816804205183026,26.81383152494187,57.14245036769507,16.902929062924528,3.72337802447696,40.0,-74.0
2025-01-01 16:00:00,CityA,37.718989064445346,27.348273177811535,73.00725655652793,22.762402686149503,2.1695003949257288,40.0,-74.0
2025-01-01 17:00:00,CityA,42.00683121431415,24.83650966662869,69.43552966122819,20.61147830230982,0.4261158859613101,40.0,-74.0
2025-01-01 18:00:00,CityA,42.39399708566871,23.91453364003201,62.385341289141294,19.29328162663665,1.6189247961846431,40.0,-74.0
2025-01-01 19:00:00,CityA,32.812601160034255,24.75859987712254,76.78324311930233,12.02324102763096,1.9972910069972332,40.0,-74.0
2025-01-01 20:00:00,CityA,34.955058092602066,28.28042271271505,65.78210053257727,26.18101754013572,1.6891214664276,40.0,-74.0
2025-01-01 21:00:00,CityA,47.40602627028511,25.877470888490436,58.3278639389889,18.95318564997318,2.322405320331345,40.0,-74.0
2025-01-01 22:00:00,CityA,35.73924716822365,22.970932434802904,75.39411259217812,10.596646526059065,3.392337307501751,40.0,-74.0
2025-01-01 23:00:00,CityA,41.94371604374321,22.613299341056674,88.9579444934776,9.652060566086803,2.750380296136581,40.0,-74.0
2025-01-02 00:00:00,CityA,38.13865004514467,25.657336756447165,64.51668453624097,22.866969686926765,1.4917713015090523,40.0,-74.0
2025-01-02 01:00:00,CityA,43.77597400925161,26.91983199482285,71.5954420284725,18.4198317192239,1.9484782160707663,40.0,-74.0
2025-01-02 02:00:00,CityA,44.911023743877486,25.362951558185937,67.46099591754988,31.681961468660152,3.9360653002314505,40.0,-74.0
2025-01-02 03:00:00,CityA,31.440381396738807,24.693451684972644,64.33533529592555,25.934321668278127,0.699951861418856,40.0,-74.0
2025-01-02 04:00:00,CityA,39.27094701784936,23.01365189387096,73.91254353747766,13.699026663954651,1.7802507041775129,40.0,-74.0
2025-01-02 05:00:00,CityA,42.129676845535265,27.514021948518295,60.481989967009035,15.669980936042458,4.8248497083615565,40.0,-74.0
2025-01-02 06:00:00,CityA,40.68431015519696,27.12649207788472,59.97783120365901,13.866661956491354,4.506549763347718,40.0,-74.0
2025-01-02 07:00:00,CityA,46.648978887682254,20.562557399411084,60.573385299645054,25.10225113431604,3.8345066403016754,40.0,-74.0
2025-01-02 08:00:00,CityA,35.132073773247086,23.62152261393192,68.55494363360792,23.008472854379992,2.3628327324138927,40.0,-74.0
2025-01-02 09:00:00,CityA,45.06336110983677,24.330797367396087,70.22845744997647,22.792235679378972,1.9957127243268147,40.0,-74.0
2025-01-02 10:00:00,CityA,31.11172145156888,28.203063539078112,55.46184950310302,18.48807354144281,2.8735458129393274,40.0,-74.0
2025-01-02 11:00:00,CityA,43.317833079940904,26.616621970892176,90.15840205057278,22.363049054019825,2.182647240152236,40.0,-74.0
2025-01-02 12:00:00,CityA,41.32873023660028,24.98647303863502,62.594000330935366,10.608603655853377,3.3114505099731013,40.0,-74.0
2025-01-02 13:00:00,CityA,47.00813401555853,23.2156564779637,57.70433584508212,17.16818394058295,1.9539576500990352,40.0,-74.0
2025-01-02 14:00:00,CityA,37.98392818104359,22.758870812333047,72.29864119878403,9.3009996687828,2.400220235792159,40.0,-74.0
2025-01-02 15:00:00,CityA,49.47929010876919,22.563878053803577,73.14318051287376,20.88351625254806,0.5490833264192491,40.0,-74.0
2025-01-02 16:00:00,CityA,38.532799289053955,25.959834693629038,72.4845301732637,18.62646165270289,1.7084806287322785,40.0,-74.0
2025-01-02 17:00:00,CityA,34.31699054124087,21.17365616714462,49.98205270494234,17.29307154367522,2.344050737428343,40.0,-74.0
2025-01-02 18:00:00,CityA,37.616054753202214,27.185080204689168,65.9047627171089,22.579347672047646,0.12598050285859974,40.0,-74.0
2025-01-02 19:00:00,CityA,36.241364580977766,24.3429865114364,75.25912734584726,19.129610009158146,0.883881386844434,40.0,-74.0
2025-01-02 20:00:00,CityA,37.73338353365519,27.517740350270937,70.41504381811286,9.000845004377796,0.49077610117745807,40.0,-74.0
2025-01-02 21:00:00,CityA,42.69731595637151,25.866840661105236,94.07798210349705,17.955534552371667,1.5537092420292165,40.0,-74.0
2025-01-02 22:00:00,CityA,34.78952072110801,32.41080461192099,74.93176312286371,18.44334544793655,3.57309507971911,40.0,-74.0
2025-01-02 23:00:00,CityA,35.223115493151646,24.43716476238099,67.25132372847743,12.152881842061511,3.040498391415687,40.0,-74.0
2025-01-03 00:00:00,CityA,47.58744699512617,27.722694156005875,77.41850125867487,28.696257357883397,2.000097548753258,40.0,-74.0
2025-01-03 01:00:00,CityA,29.586125248547937,20.797198739287463,56.49831325807399,29.455203682695664,3.2808288418939657,40.0,-74.0
2025-01-03 02:00:00,CityA,41.33254666872393,24.210286095448918,64.14064404595995,17.306144060399934,4.387561235309534,40.0,-74.0
2025-01-03 03:00:00,CityA,36.07704274547916,28.044918019959773,90.53350242577898,26.43969290830806,4.03194229352493,40.0,-74.0
2025-01-03 04:00:00,CityA,35.094527976986576,25.69517409936166,61.099191635274266,22.82240056896711,0.8843530476725536,40.0,-74.0
2025-01-03 05:00:00,CityA,35.88533218646853,27.074931753822973,81.60383973208918,27.522691334628394,4.918003422161394,40.0,-74.0
2025-01-03 06:00:00,CityA,39.2958647397709,24.44080412111515,69.30541384599434,29.660368797665903,4.189737802969516,40.0,-74.0
2025-01-03 07:00:00,CityA,45.43205612169832,32.80820833976313,74.21651001600476,28.691307369350806,4.531428558782574,40.0,-74.0
2025-01-03 08:00:00,CityA,37.88119733903002,20.757146735636592,69.86233124436426,23.001086682711342,0.20050213687217988,40.0,-74.0
2025-01-03 09:00:00,CityA,42.108874570877056,23.271655020073595,86.78073163412972,19.206430092802954,2.4257331334257977,40.0,-74.0
2025-01-03 10:00:00,CityA,37.83678774374503,24.49349077187609,71.4072339631576,16.02451261547982,3.8526421355809592,40.0,-74.0
2025-01-03 11:00:00,CityA,47.593224519895976,28.72267648963298,64.93645190375778,16.803902063033597,0.6619327926215568,40.0,-74.0
2025-01-03 12:00:00,CityA,43.264148627458184,24.30267181300743,46.85472321592463,24.082614722821795,3.6258382106119846,40.0,-74.0
2025-01-03 13:00:00,CityA,36.73014767183754,26.051798684239255,83.8169599172779,15.603555504992606,2.6110849145331323,40.0,-74.0
2025-01-03 14:00:00,CityA,39.69623372915381,28.437190725860024,63.5652212187664,17.189663652260304,1.1237570315605088,40.0,-74.0
2025-01-03 15:00:00,CityA,40.77859173754815,21.1406800102337,66.15469461892715,31.512887816295326,4.184802144324216,40.0,-74.0
2025-01-03 16:00:00,CityA,34.16445885070485,22.041817124993077,61.274211095575914,11.150235254788505,2.6867163854737024,40.0,-74.0
2025-01-03 17:00:00,CityA,39.76869186791215,27.769667085363544,62.27290974866298,12.252449692244653,1.371304891715338,40.0,-74.0
2025-01-03 18:00:00,CityA,41.845057111828865,30.042958313299575,73.6210862809212,25.663958417866656,4.098143120242686,40.0,-74.0
2025-01-03 19:00:00,CityA,49.870789982084155,23.59483819379449,77.02880753946945,11.898843245053333,3.632639679983676,40.0,-74.0
2025-01-03 20:00:00,CityA,36.29439172092024,25.95780406633751,77.50893477039052,18.79627822763575,1.316598777820281,40.0,-74.0
2025-01-03 21:00:00,CityA,41.132615842734,25.500721775454437,69.64056452584389,14.658123770036582,2.8479719222873188,40.0,-74.0
2025-01-03 22:00:00,CityA,48.926212463598375,27.413695508127617,57.09211382355045,11.693821935001145,3.582432556522729,40.0,-74.0
2025-01-03 23:00:00,CityA,41.70848508102219,32.292368218745764,62.46610917325023,11.806586212044634,2.237145381966759,40.0,-74.0
2025-01-04 00:00:00,CityA,32.89599231615918,22.837498735485042,87.09453650005405,20.079765379176266,2.0930977235289077,40.0,-74.0
2025-01-04 01:00:00,CityA,35.16743367732241,22.304022774389296,97.09922842655796,15.425678446725156,4.57979972182207,40.0,-74.0
2025-01-04 02:00:00,CityA,43.29692443876443,23.998596393144805,87.05198113627148,20.702898003072523,3.953469017339229,40.0,-74.0
2025-01-04 03:00:00,CityA,43.04251343758859,23.356815453492246,68.76774606406003,17.729283578574133,4.522382570004533,40.0,-74.0
2025-01-04 04:00:00,CityA,29.516507554324434,22.857920621806297,64.78267458816899,22.699338664504996,1.9176628752700604,40.0,-74.0
2025-01-04 05:00:00,CityA,41.621825432135466,24.63584344883594,75.89020074749489,13.599514948570206,2.2502721707186897,40.0,-74.0
2025-01-04 06:00:00,CityA,34.97414219801415,21.22126266905001,69.04317117922734,23.31381089961082,0.16541900427433476,40.0,-74.0
2025-01-04 07:00:00,CityA,37.74975140518505,23.556917875768345,85.95978627403517,32.85759768825703,4.147428889557704,40.0,-74.0
2025-01-04 08:00:00,CityA,30.564571208516416,23.506855759100915,63.03684997970558,14.769897809665643,3.6425213761713664,40.0,-74.0
2025-01-04 09:00:00,CityA,27.89679630582416,29.026596816768617,55.3144587633331,18.298558078617592,1.7653225087983249,40.0,-74.0
2025-01-04 10:00:00,CityA,38.978371844607246,24.61604388487533,61.44715652539068,16.778925839043968,3.3565766998314124,40.0,-74.0
2025-01-04 11:00:00,CityA,36.45590980164421,26.77040539599387,86.9520240225213,23.947738751415947,3.2752659669515314,40.0,-74.0
2025-01-04 12:00:00,CityA,39.514757316039685,25.6331822981062,75.43620506546178,32.062745608899625,0.21390642943241778,40.0,-74.0
2025-01-04 13:00:00,CityA,37.96462537246169,28.48874230709112,57.77972170295333,33.94928287894772,2.1292838048740026,40.0,-74.0
2025-01-04 14:00:00,CityA,30.071608208091916,25.99667044824148,59.904531416965504,24.50749988785345,0.8902183984254103,40.0,-74.0
2025-01-04 15:00:00,CityA,39.981865197450865,29.170230614045007,54.67936451324213,23.646219301289033,1.4258533707772107,40.0,-74.0
2025-01-04 16:00:00,CityA,34.11879732463336,25.296836855945298,68.9030391036943,18.28889549809551,4.771920611751408,40.0,-74.0
2025-01-04 17:00:00,CityA,45.8071039785495,30.29834832295132,62.3120703364019,18.917150108517994,4.067279486329159,40.0,-74.0
2025-01-04 18:00:00,CityA,33.55879962345325,26.079714078602603,66.29663363682458,18.832811525194852,3.5882539754041227,40.0,-74.0
2025-01-04 19:00:00,CityA,42.2779331503529,32.29257321112886,66.41619985279377,26.83212489697809,0.8555481022416633,40.0,-74.0
2025-01-04 20:00:00,CityA,33.26337952230706,24.343769042146977,82.8689703286371,21.740874535067952,2.1783259779390174,40.0,-74.0
2025-01-04 21:00:00,CityA,38.495366172913435,31.134284885703032,64.97443835165396,22.75397137662376,4.814603245448148,40.0,-74.0
2025-01-04 22:00:00,CityA,37.31011717332009,27.675329122037695,63.782194440846055,17.863514262713284,4.390769380712231,40.0,-74.0
2025-01-04 23:00:00,CityA,36.07741522221944,25.894331377005088,79.14693845569631,18.93745448605236,3.650947850265745,40.0,-74.0
2025-01-05 00:00:00,CityA,40.65878712026337,22.860687847101964,76.36881112267817,18.62510746693849,3.364883676391111,40.0,-74.0
2025-01-05 01:00:00,CityA,30.323359012654826,23.20298541809942,75.07043549319663,14.509018311060291,1.4522931187275052,40.0,-74.0
2025-01-05 02:00:00,CityA,44.972306449394104,24.987624812694467,64.77732981696357,33.105290954140095,2.432112175820662,40.0,-74.0
2025-01-05 03:00:00,CityA,27.104579058890465,23.829393061056187,77.61275657458283,24.639624877728828,2.550250322556508,40.0,-74.0
2025-01-05 04:00:00,CityA,46.9935915254665,22.451946060351833,66.88265230542216,7.966723659131006,1.2715148062991233,40.0,-74.0
2025-01-05 05:00:00,CityA,44.73340143792359,23.46643805339544,83.17062649930777,18.461545853423633,2.2057349203971137,40.0,-74.0
2025-01-05 06:00:00,CityA,40.005371062800016,26.30208849126709,69.46621340183952,15.03642373844801,3.5984666291230365,40.0,-74.0
2025-01-05 07:00:00,CityA,39.72284529749758,21.41268379480702,68.64821157536964,22.358468187071907,0.5272640570250675,40.0,-74.0
2025-01-05 08:00:00,CityA,41.81214770415222,23.857686057925584,72.8600750262903,8.839586829896362,0.2869011354175821,40.0,-74.0
2025-01-05 09:00:00,CityA,40.95961279284757,26.602783953110436,84.94792316077283,17.021316485686445,0.3697768531066481,40.0,-74.0
2025-01-05 10:00:00,CityA,46.50023839079517,24.159472700261446,70.95564934719953,21.62818951222708,2.1971880969724915,40.0,-74.0
2025-01-05 11:00:00,CityA,46.09267630118381,24.9253326044043,67.74061002874836,12.201909997635896,0.7300328597641415,40.0,-74.0
2025-01-05 12:00:00,CityA,41.69942293827491,25.13802083082376,51.43230050750867,28.646770254703345,4.26909417959298,40.0,-74.0
2025-01-05 13:00:00,CityA,31.166685859370048,29.7889978706717,65.465571995647,20.560870428090922,1.878411388620636,40.0,-74.0
2025-01-05 14:00:00,CityA,40.20411298112425,20.628600064496535,50.63111539194728,19.869005149074763,4.238780332940388,40.0,-74.0
2025-01-05 15:00:00,CityA,38.69010402647131,26.81777633990861,65.92615447622077,23.732689584455684,1.5979564814327736,40.0,-74.0
2025-01-05 16:00:00,CityA,44.40041142236318,15.612351919334504,79.53492279125328,15.719386987158192,4.907513005086128,40.0,-74.0
2025-01-05 17:00:00,CityA,38.020808983885054,23.843425626498213,68.55785933241833,18.989669460426185,3.2474781373053623,40.0,-74.0
2025-01-05 18:00:00,CityA,45.66470787803903,27.753515580720208,77.08066659159205,14.02234492675979,4.028342630573364,40.0,-74.0
2025-01-05 19:00:00,CityA,39.149243672285415,29.9144655064152,78.07708002341653,8.475817092682362,4.904226500567112,40.0,-74.0
2025-01-05 20:00:00,CityA,32.86520466101029,27.58831476931336,57.65477645300986,24.17306512220799,2.968451181639554,40.0,-74.0
2025-01-05 21:00:00,CityA,45.57540408833455,25.580585353553563,51.84220890837956,26.101496409560852,4.588516840343266,40.0,-74.0
2025-01-05 22:00:00,CityA,45.42539823673507,17.034960270105586,69.95673191297917,30.140368111184248,4.381322461872712,40.0,-74.0
2025-01-05 23:00:00,CityA,41.0502150830837,26.953355025239787,84.51121479471126,22.015788937492793,4.009245392833148,40.0,-74.0
2025-01-06 00:00:00,CityA,33.65932731786242,24.444764940023862,68.98099150983587,20.39916345367734,1.50031651227639,40.0,-74.0
2025-01-06 01:00:00,CityA,38.013164599236056,27.478193665799708,71.24345497674294,23.632698716950667,2.1086698297263426,40.0,-74.0
2025-01-06 02:00:00,CityA,40.21129398921615,19.103280095330998,81.9440599880996,27.248808267076004,2.570360495830512,40.0,-74.0
2025-01-06 03:00:00,CityA,44.70545763186625,26.648026011941653,81.68301725880511,26.06116994873297,0.676620345028584,40.0,-74.0
2025-01-06 04:00:00,CityA,42.441016035967934,21.636547423463693,77.82813525149966,18.05986820638936,2.9645468818020317,40.0,-74.0
2025-01-06 05:00:00,CityA,31.114137649410022,25.575817933962707,61.48272268245534,18.20417498137615,4.792820411021349,40.0,-74.0
2025-01-06 06:00:00,CityA,37.35752658323444,26.561316477709035,77.90466759719708,27.783219658351133,3.9481050261559436,40.0,-74.0
2025-01-06 07:00:00,CityA,40.32934507314053,21.688133706298913,73.58083611204623,28.330468264303697,2.5303101170096487,40.0,-74.0
2025-01-06 08:00:00,CityA,44.54371140266644,27.779000045599656,69.6379396431319,17.022800908459423,3.7213015597585337,40.0,-74.0
2025-01-06 09:00:00,CityA,42.91460511515192,28.227920562013367,77.3451729644892,18.714588246857637,1.4980351789798374,40.0,-74.0
2025-01-06 10:00:00,CityA,42.03903226613063,27.392335208649317,76.17220867739802,17.33205402404044,1.3359464253264552,40.0,-74.0
2025-01-06 11:00:00,CityA,44.70134606721918,26.600072878391092,80.71148482035882,14.225093978766518,3.0944220604265387,40.0,-74.0
2025-01-06 12:00:00,CityA,38.429810388826894,25.298505554327065,55.92478215088009,23.68954800234224,0.35456425824175575,40.0,-74.0
2025-01-06 13:00:00,CityA,35.86643273090659,26.295389464821298,68.03522519727477,16.790341141951103,2.635468974036569,40.0,-74.0
2025-01-06 14:00:00,CityA,42.588589475415965,27.119815347235576,81.5922130180004,15.65671409316715,3.5586131243229646,40.0,-74.0
2025-01-06 15:00:00,CityA,43.769157367022046,27.304143215894786,56.48881167605097,21.762915224761873,0.7071572275867011,40.0,-74.0
2025-01-06 16:00:00,CityA,45.45482336384685,21.650059329249526,44.27782709609435,21.626106705329462,0.5747751221300967,40.0,-74.0
2025-01-06 17:00:00,CityA,34.8821258033444,27.83842805102182,41.33753012920416,19.470087363150636,3.6203459751889366,40.0,-74.0
2025-01-06 18:00:00,CityA,42.83935657942067,22.360266419750612,51.65116020648102,22.005659059162504,0.16726272529766217,40.0,-74.0
2025-01-06 19:00:00,CityA,27.723340825270913,20.46492027468147,69.4289801899911,12.463736974515056,3.7382016676312086,40.0,-74.0
2025-01-06 20:00:00,CityA,41.79727783430122,27.362357922859758,53.74234780006047,17.283608761829488,3.945802243358425,40.0,-74.0
2025-01-06 21:00:00,CityA,37.240124129345624,29.904716643846875,78.4340623674544,21.410314673880208,3.170466403564616,40.0,-74.0
2025-01-06 22:00:00,CityA,32.576156618451165,25.539360937611452,66.08360748390999,17.723246248608625,4.496518420864172,40.0,-74.0
2025-01-06 23:00:00,CityA,38.91651690268402,28.602936685370565,69.31043876734311,23.411661188989267,2.1919887036163677,40.0,-74.0
2025-01-07 00:00:00,CityA,35.011052592757956,28.287223567480044,61.31426447186625,31.05847086775102,3.696957811102879,40.0,-74.0
2025-01-07 01:00:00,CityA,33.366720473870174,27.65867838093395,57.554409279182764,23.444216804297938,2.330370528775566,40.0,-74.0
2025-01-07 02:00:00,CityA,35.263968971890684,24.004665112459936,48.659505732977266,12.59992574308076,0.09684917955876948,40.0,-74.0
2025-01-07 03:00:00,CityA,42.871240826529814,29.535391799641708,86.99342755779901,18.677377720850817,4.451743599159267,40.0,-74.0
2025-01-07 04:00:00,CityA,47.93059564077675,26.284477341991504,64.56407610604435,21.8068732791166,4.260093005422341,40.0,-74.0
2025-01-07 05:00:00,CityA,35.25000511609971,21.627746036097406,69.98686193164497,26.297405232064172,1.2745012194627803,40.0,-74.0
2025-01-07 06:00:00,CityA,42.98752056824509,25.199504508011977,63.192467145683466,14.982533747524636,0.3639792212537818,40.0,-74.0
2025-01-07 07:00:00,CityA,38.7646590190688,17.549281098700252,70.83013245178157,26.210182981639665,1.108139842406577,40.0,-74.0
2025-01-07 08:00:00,CityA,42.76588961163848,18.946713567091287,75.3118850773483,29.557571434230336,3.429464099464537,40.0,-74.0
2025-01-07 09:00:00,CityA,42.57021562568713,22.490771087100637,61.536147911578084,13.524682714551307,3.277147573253612,40.0,-74.0
2025-01-07 10:00:00,CityA,40.710884865362814,25.071026468520348,68.03704256070627,22.621795213106275,1.9975180106904855,40.0,-74.0
2025-01-07 11:00:00,CityA,41.519513526364385,24.716730440611588,57.79770020790724,17.411104261754147,0.2788862561334632,40.0,-74.0
2025-01-07 12:00:00,CityA,49.22405219548775,27.082691605391496,70.51465659963627,24.063872368892163,3.5794361443367246,40.0,-74.0
2025-01-07 13:00:00,CityA,34.530855218594546,24.387805113299912,66.10884296220856,23.87261569184083,0.22663769396922884,40.0,-74.0
2025-01-07 14:00:00,CityA,30.53962541942529,28.06941367470213,63.854093714755265,22.14874605148012,2.558647390301994,40.0,-74.0
2025-01-07 15:00:00,CityA,36.40241162251665,23.663995460803882,95.9598960784817,17.23430609698298,2.2119031180797935,40.0,-74.0
2025-01-07 16:00:00,CityA,43.03312422521361,21.957158434559,80.18837286281543,23.79764524289039,0.969122279239456,40.0,-74.0
2025-01-07 17:00:00,CityA,55.891088317655154,24.29004758010513,78.48185723795514,13.667727867655039,0.09842282710358308,40.0,-74.0
2025-01-07 18:00:00,CityA,51.9306969199514,22.366787059381927,75.77118074474402,16.616612515839666,3.3967332004290003,40.0,-74.0
2025-01-07 19:00:00,CityA,43.03494385920207,21.558140835035836,55.406100185562316,19.952135596404553,3.762524064272974,40.0,-74.0
2025-01-07 20:00:00,CityA,44.252516577213036,23.5070655820461,74.80458148098349,29.046473432992027,4.924254850152535,40.0,-74.0
2025-01-07 21:00:00,CityA,41.21632888765616,22.997261727145307,64.39918242889428,19.786253022326083,2.2466242492947415,40.0,-74.0
2025-01-07 22:00:00,CityA,40.34421077736083,27.71593958169972,79.29604032680463,15.910525582494364,2.926215400032623,40.0,-74.0
2025-01-07 23:00:00,CityA,25.853955183981146,25.86930194696274,64.49828472836371,25.840352830924928,2.2155568526457508,40.0,-74.0
2025-01-01 00:00:00,CityB,44.79509354583864,26.874961994850285,64.55769617649823,13.630325601943849,0.8912853082047101,41.0,-75.0
2025-01-01 01:00:00,CityB,49.473107679754975,24.035520219727267,72.1831482013809,16.222036947827647,3.5766427947366153,41.0,-75.0
2025-01-01 02:00:00,CityB,38.90313221068502,27.230636030165453,92.30154869563304,15.858056165797862,1.960312432930968,41.0,-75.0
2025-01-01 03:00:00,CityB,44.122010118523875,22.02069473505178,79.67389064055013,22.38858761141319,4.150857151235752,41.0,-75.0
2025-01-01 04:00:00,CityB,42.13217806505248,22.78767833561134,77.10064037792267,15.449875007701182,4.269902222058173,41.0,-75.0
2025-01-01 05:00:00,CityB,40.200643892116105,22.727078845385137,85.00663842138587,23.652298481726408,3.1523809725890968,41.0,-75.0
2025-01-01 06:00:00,CityB,44.88377984466755,23.866529318790175,72.63673927090535,32.420689250191465,1.525211393317999,41.0,-75.0
2025-01-01 07:00:00,CityB,41.68119008101606,22.29535158636283,67.88866305156004,14.645534319096887,2.196658207047128,41.0,-75.0
2025-01-01 08:00:00,CityB,45.95553632439572,20.57013228919859,87.93533781442123,20.49838605661809,3.205051438366822,41.0,-75.0
2025-01-01 09:00:00,CityB,45.53167604516982,21.76030179447076,82.9765414515439,14.375856880328522,1.9807366678889187,41.0,-75.0
2025-01-01 10:00:00,CityB,32.01725998523239,24.72303381993672,81.87612234413812,16.332013235381893,3.2433346647050456,41.0,-75.0
2025-01-01 11:00:00,CityB,27.671162935962744,25.477560605598114,58.188527663458935,25.45778071082967,0.8738599441421618,41.0,-75.0
2025-01-01 12:00:00,CityB,44.272744257183525,24.513186952905432,64.17080537847922,16.868509184039976,3.6237737660964173,41.0,-75.0
2025-01-01 13:00:00,CityB,46.14371743412317,21.298216932699635,60.15111488222783,23.250612174480562,2.6485571433871917,41.0,-75.0
2025-01-01 14:00:00,CityB,32.09601783339142,27.035568564945844,63.64386986682466,16.91591229374714,3.0004052113337503,41.0,-75.0
2025-01-01 15:00:00,CityB,39.83709803970439,21.596702797212792,67.57227263256007,23.989574057984534,2.0166234753442276,41.0,-75.0
2025-01-01 16:00:00,CityB,40.175928717378,26.89323903608257,72.53120808257097,16.28352124862113,0.10440028442695093,41.0,-75.0
2025-01-01 17:00:00,CityB,45.35647674730944,31.80893075432769,63.52658908464967,25.09985564248952,4.224898585120283,41.0,-75.0
2025-01-01 18:00:00,CityB,44.60053814043287,23.516816681302895,58.76329600098721,20.958712505833695,3.0093862646495335,41.0,-75.0
2025-01-01 19:00:00,CityB,45.919302861993515,31.498055527355827,75.05312004635181,25.936408619096742,2.72167357446755,41.0,-75.0
2025-01-01 20:00:00,CityB,32.63957351487169,26.23815642216142,72.99034820485537,20.63859642656436,3.2334823585317087,41.0,-75.0
2025-01-01 21:00:00,CityB,42.76834374734229,18.00060874212965,51.748965771608496,13.49294043764646,0.6083493039534554,41.0,-75.0
2025-01-01 22:00:00,CityB,40.62339437347183,25.858891684345544,72.88717207355316,20.39363321130324,1.479700536991611,41.0,-75.0
2025-01-01 23:00:00,CityB,43.082288276312774,26.664259255933562,87.15523110258194,12.479007432400564,3.414677767582353,41.0,-75.0
2025-01-02 00:00:00,CityB,38.884552229521105,25.32267026646996,73.51437455332615,11.673790347539605,4.613503816739641,41.0,-75.0
2025-01-02 01:00:00,CityB,34.04329237300931,24.123393486422263,64.27809819372773,21.191333055607295,3.2534660390208723,41.0,-75.0
2025-01-02 02:00:00,CityB,50.7577494257997,25.142904438473714,75.45176524601625,21.74047418399026,3.7104646167616155,41.0,-75.0
2025-01-02 03:00:00,CityB,42.098277327151834,24.005369738939812,58.2925697023569,18.715654336665594,3.1015782875739566,41.0,-75.0
2025-01-02 04:00:00,CityB,43.81425781888408,28.039044902570783,63.34738657972585,19.811120459110455,4.740216791064374,41.0,-75.0
2025-01-02 05:00:00,CityB,37.143304866008386,28.308444685105126,71.13868514306073,18.266451458280073,4.551635860254088,41.0,-75.0
2025-01-02 06:00:00,CityB,35.82556926690655,30.92921947683342,81.73497819325196,20.25303309656938,2.862601208182925,41.0,-75.0
2025-01-02 07:00:00,CityB,48.32781911668943,26.348781089903454,70.56963436710835,12.706744817771238,3.8559260694785378,41.0,-75.0
2025-01-02 08:00:00,CityB,37.710304317806404,30.370372772222357,70.43126009429545,29.18485910284528,1.032269396656806,41.0,-75.0
2025-01-02 09:00:00,CityB,42.772227191687435,19.73423044842822,83.3607123847788,29.327516988742946,4.721608763678847,41.0,-75.0
2025-01-02 10:00:00,CityB,40.070147908221315,29.09080202547375,63.623791045389275,15.748635682897786,3.9772937703904243,41.0,-75.0
2025-01-02 11:00:00,CityB,36.1264842695766,23.380583015403438,77.0489326516486,30.242011160570158,4.003358074574217,41.0,-75.0
2025-01-02 12:00:00,CityB,41.85624001063365,26.07246530296682,72.57873432806672,10.475099579609976,2.1187494182170847,41.0,-75.0
2025-01-02 13:00:00,CityB,38.2497054035999,31.238790341347908,70.2294909033537,26.309543569415837,2.2865319333323986,41.0,-75.0
2025-01-02 14:00:00,CityB,45.603258302455465,26.127574394369034,66.78531254461289,27.975694418328242,3.7258434528240385,41.0,-75.0
2025-01-02 15:00:00,CityB,40.117115215626804,25.456287426925535,77.22990896623918,24.717115042603073,0.9109428622858962,41.0,-75.0
2025-01-02 16:00:00,CityB,34.815207744609864,22.9954203517022,76.68176936657167,20.169121254866564,3.2615681991149814,41.0,-75.0
2025-01-02 17:00:00,CityB,48.35319375519587,24.61173544327711,80.30909673820221,22.3719141769674,0.7302244742868513,41.0,-75.0
2025-01-02 18:00:00,CityB,34.603296311885444,21.54092038537515,79.55246914355514,21.262689529231476,4.74152762796828,41.0,-75.0
2025-01-02 19:00:00,CityB,48.4590627726797,25.301662468813326,86.473715231831,21.023766261684884,4.62605643571682,41.0,-75.0
2025-01-02 20:00:00,CityB,41.51348328371234,26.59181092786282,68.08150697710876,18.91782533297469,4.857471017128965,41.0,-75.0
2025-01-02 21:00:00,CityB,49.75341285746743,25.511627828918996,73.46317020902615,20.29168742427157,4.882505059261373,41.0,-75.0
2025-01-02 22:00:00,CityB,39.83135034858062,24.801143516004153,59.33976672919178,20.03969051241742,4.864201581349542,41.0,-75.0
2025-01-02 23:00:00,CityB,38.71121442855982,17.400939366009368,64.58745085992317,18.301373761652243,2.2297148464961865,41.0,-75.0
2025-01-03 00:00:00,CityB,39.40051172263509,24.325489824290447,66.94226970071283,20.11462696794233,0.07991110213046937,41.0,-75.0
2025-01-03 01:00:00,CityB,31.38265961441507,21.88336973227171,80.1248939339254,22.445145033100985,4.262807781170809,41.0,-75.0
2025-01-03 02:00:00,CityB,37.226186358344876,25.395098842110176,54.758478666040254,6.861503610841799,0.9234739094327887,41.0,-75.0
2025-01-03 03:00:00,CityB,45.00327148400125,25.586397235103753,43.71646404771002,24.038197890276265,2.4749158968103018,41.0,-75.0
2025-01-03 04:00:00,CityB,36.01791331077425,24.506224063295736,76.38522969191077,10.874973188840848,4.284954105943423,41.0,-75.0
2025-01-03 05:00:00,CityB,47.99460786947024,22.7394537872674,65.2327466732308,17.262635544978338,2.582188904520759,41.0,-75.0
2025-01-03 06:00:00,CityB,41.288999026002536,30.15908721681891,67.29460746945466,26.99750705024333,2.387773284451096,41.0,-75.0
2025-01-03 07:00:00,CityB,43.63947359858366,22.729118427735997,74.55805087398981,18.351470992090697,4.599629683621878,41.0,-75.0
2025-01-03 08:00:00,CityB,45.96316271140471,25.738639617702592,68.46859704050281,34.402195618988586,2.3236982275930043,41.0,-75.0
2025-01-03 09:00:00,CityB,42.9900760808963,24.953298812946016,78.69827877422085,10.397510237269316,4.850506936623443,41.0,-75.0
2025-01-03 10:00:00,CityB,49.85145721596859,32.26210501207963,72.76498012666023,27.76947825779528,2.671547356744453,41.0,-75.0
2025-01-03 11:00:00,CityB,38.499951825935966,23.865685080818192,81.81658333950378,11.757934506366146,1.786091003288231,41.0,-75.0
2025-01-03 12:00:00,CityB,36.788277353833585,26.808637382980564,77.68076998264957,23.51861475926092,0.6664288783847011,41.0,-75.0
2025-01-03 13:00:00,CityB,42.403531462409006,28.22404028314684,84.47757875929088,22.1895172259919,1.1730121990333702,41.0,-75.0
2025-01-03 14:00:00,CityB,42.22899792446229,25.945108145142402,74.82791389038718,25.26893602196441,2.5291650937734906,41.0,-75.0
2025-01-03 15:00:00,CityB,43.09444111257709,23.758242111932944,68.8851956347026,25.327072642622493,2.5655162024958016,41.0,-75.0
2025-01-03 16:00:00,CityB,33.522802091384776,20.14852085102319,84.31022442173345,17.24345265663916,3.957036083904119,41.0,-75.0
2025-01-03 17:00:00,CityB,39.04127863735891,24.895512525083245,61.05569981988648,21.172765198709804,3.860502259128106,41.0,-75.0
2025-01-03 18:00:00,CityB,41.7739955573355,33.277844545492385,72.32322714110477,22.702643355721808,2.9223508234220876,41.0,-75.0
2025-01-03 19:00:00,CityB,41.08619227312007,24.736714313209365,64.5167634979528,16.603481382200542,2.0637668815836063,41.0,-75.0
2025-01-03 20:00:00,CityB,35.60863333549081,27.17235433603501,59.87610104583757,32.10638388666244,4.965639742948734,41.0,-75.0
2025-01-03 21:00:00,CityB,33.69620877610857,24.359451281678627,84.75461455783775,15.187727443484496,0.027569629414760377,41.0,-75.0
2025-01-03 22:00:00,CityB,35.70606740219364,22.493141371353463,51.791127717898995,23.972396807421532,3.3106488204340745,41.0,-75.0
2025-01-03 23:00:00,CityB,46.19629388853409,30.855183745318808,68.22385166210321,7.691444517411776,4.393235783936685,41.0,-75.0
2025-01-04 00:00:00,CityB,37.18743141694564,25.288423912966067,70.59181655793645,22.844671094128252,4.089296390095969,41.0,-75.0
2025-01-04 01:00:00,CityB,39.86308011622589,29.06536339297623,66.88149596652717,18.00438798021294,2.0917094818260544,41.0,-75.0
2025-01-04 02:00:00,CityB,39.74542830142352,20.690060417215875,64.08029417084082,18.74174738083067,2.191574189834786,41.0,-75.0
2025-01-04 03:00:00,CityB,36.781624988742436,27.47141889733062,63.26300553162975,16.13647469443598,1.3574360092082027,41.0,-75.0
2025-01-04 04:00:00,CityB,50.15965175066487,24.208017860352065,79.40749196971319,20.38783871611158,0.8633123340082699,41.0,-75.0
2025-01-04 05:00:00,CityB,31.605464319414953,26.35541280045157,90.37886354995115,17.662911511145126,3.5070417509417924,41.0,-75.0
2025-01-04 06:00:00,CityB,42.82850683159062,26.441238727081792,72.76573333086476,25.121430010400285,2.899456692950098,41.0,-75.0
2025-01-04 07:00:00,CityB,47.66922326618698,22.207634207009992,79.53517889097913,24.760998754185767,0.4850313902626141,41.0,-75.0
2025-01-04 08:00:00,CityB,39.23686544215203,27.54264840078672,69.44035165207988,13.051760586209125,2.54635731896105,41.0,-75.0
2025-01-04 09:00:00,CityB,32.04501823333088,22.807706736122437,69.05032084000104,12.978385903123485,3.005280977740252,41.0,-75.0
2025-01-04 10:00:00,CityB,35.950532865493,26.893690948394426,82.97737372236526,28.88674101486866,4.130629010715657,41.0,-75.0
2025-01-04 11:00:00,CityB,31.462738225498555,25.62916768154569,68.73065338249532,19.643454831166686,0.2679131283923164,41.0,-75.0
2025-01-04 12:00:00,CityB,38.510468847325434,22.272194810802354,78.56824406684247,24.255687870662364,1.5574433567441126,41.0,-75.0
2025-01-04 13:00:00,CityB,37.50459441961335,24.939901138189697,82.9460921522313,22.579075823926892,3.5556429827020986,41.0,-75.0
2025-01-04 14:00:00,CityB,41.62553664064891,23.95214312485128,66.0077826612997,22.21946553081082,1.1777533765319,41.0,-75.0
2025-01-04 15:00:00,CityB,34.13052405179201,22.12127545251061,71.6845892410979,24.31697646067375,4.452217074526565,41.0,-75.0
2025-01-04 16:00:00,CityB,25.46540399725495,19.960571238660727,68.50430386499544,19.729332729025014,2.542150369900413,41.0,-75.0
2025-01-04 17:00:00,CityB,33.17145659948524,24.172584926754485,64.043054983729,30.379203971076137,4.514810077505321,41.0,-75.0
2025-01-04 18:00:00,CityB,39.24255107893456,25.342482096566673,79.69943075045435,17.370469026308218,0.6065568968225299,41.0,-75.0
2025-01-04 19:00:00,CityB,40.748929593230656,30.79401482956731,84.79596487041464,26.21189224673619,3.9774578283355484,41.0,-75.0
2025-01-04 20:00:00,CityB,42.13556212103783,29.577825690572627,79.75397604254694,17.05832391121767,0.41617049394847616,41.0,-75.0
2025-01-04 21:00:00,CityB,43.05388429179485,28.600387449965734,61.121627300690214,15.254799620217177,1.6068407556816462,41.0,-75.0
2025-01-04 22:00:00,CityB,45.93816998667658,22.188046431694225,78.35640396400551,27.610932844370794,2.471889220814556,41.0,-75.0
2025-01-04 23:00:00,CityB,33.2783940275041,28.500049530404965,49.31211912749652,25.635897001084043,4.68434464802927,41.0,-75.0
2025-01-05 00:00:00,CityB,36.458148727525376,18.410778782365615,65.48384088966708,10.287281382735596,1.641202933389695,41.0,-75.0
2025-01-05 01:00:00,CityB,37.85238500155137,26.557707848476387,60.33166177566196,13.788851500637561,0.13512481688043254,41.0,-75.0
2025-01-05 02:00:00,CityB,54.233097893757,25.806692312922856,55.94308025902963,24.764158292361163,1.4906229090672107,41.0,-75.0
2025-01-05 03:00:00,CityB,45.15282155316881,28.963966807838233,67.3007958482664,23.725834281556416,0.16826559542107988,41.0,-75.0
2025-01-05 04:00:00,CityB,33.02441021816086,23.26849994947903,76.55255987880076,22.557511303661133,3.7421848846639167,41.0,-75.0
2025-01-05 05:00:00,CityB,32.58155250730524,23.59717070076906,88.19454068518353,19.48879247093126,2.2152848923848656,41.0,-75.0
2025-01-05 06:00:00,CityB,26.843100160599324,26.820817734428086,83.2329137215096,17.67653203910783,3.711380984837998,41.0,-75.0
2025-01-05 07:00:00,CityB,35.24118169495792,26.781936303726344,84.86304506558595,10.968652692651895,3.3463049749098395,41.0,-75.0
2025-01-05 08:00:00,CityB,47.30286650143502,25.294554423053516,79.8774235547285,20.196472522882186,2.3952767414639182,41.0,-75.0
2025-01-05 09:00:00,CityB,36.07321717405588,24.828869097231703,81.93994245342931,17.14297305018672,2.290941239381037,41.0,-75.0
2025-01-05 10:00:00,CityB,43.31399048884371,26.462987500518256,79.43514078363094,19.755696870032576,1.736628866386127,41.0,-75.0
2025-01-05 11:00:00,CityB,46.689216973042484,28.42026272821415,72.74449729334431,21.27320739451894,0.21675014686562744,41.0,-75.0
2025-01-05 12:00:00,CityB,36.95959991225756,22.73099435947925,74.77436103933631,12.849567577520528,2.254255215458752,41.0,-75.0
2025-01-05 13:00:00,CityB,32.418777657919414,25.568411668269864,66.52410041375265,23.154590648239104,4.11773465277096,41.0,-75.0
2025-01-05 14:00:00,CityB,44.913295715487806,30.96589253192327,73.1783176021424,24.017148478235576,0.6745844776441884,41.0,-75.0
2025-01-05 15:00:00,CityB,36.79163488642559,25.126997360803834,70.5745558707984,14.196687339969628,3.331688428808555,41.0,-75.0
2025-01-05 16:00:00,CityB,50.683338705047994,26.972966355962384,58.85287721149292,24.487464627024593,1.6190350039262347,41.0,-75.0
2025-01-05 17:00:00,CityB,41.98136736486673,26.029605719902296,89.29002914117704,13.64844199974287,2.9403837412907334,41.0,-75.0
2025-01-05 18:00:00,CityB,46.417239175007495,26.167202667698604,61.86575317926802,16.32136966660931,0.6955199453111899,41.0,-75.0
2025-01-05 19:00:00,CityB,37.155629500003265,23.72050201130773,53.882059193236785,29.73565555446724,3.184202850420199,41.0,-75.0
2025-01-05 20:00:00,CityB,42.76864161602224,25.434448374362294,72.39942997004326,29.818845879892656,1.8686821944877174,41.0,-75.0
2025-01-05 21:00:00,CityB,42.93812233177097,23.14364559525347,78.31338324271299,16.123324440109823,0.07753389923158882,41.0,-75.0
2025-01-05 22:00:00,CityB,34.53966435199685,25.35147046418631,64.38280857126963,10.880778794306131,0.3011027389253118,41.0,-75.0
2025-01-05 23:00:00,CityB,46.12980196108743,25.778891687591273,82.32057234230551,12.565237702966,3.7231193478957936,41.0,-75.0
2025-01-06 00:00:00,CityB,36.508224709713836,24.611452699733746,60.14615437963219,17.339386749612853,3.896777850623253,41.0,-75.0
2025-01-06 01:00:00,CityB,35.0622720511888,21.915293185650093,77.96600291710853,14.804057097353834,0.5159646961822384,41.0,-75.0
2025-01-06 02:00:00,CityB,36.44817484408008,27.733817241829403,79.59033203300862,15.373686842293743,0.6227425909242318,41.0,-75.0
2025-01-06 03:00:00,CityB,40.072786830268164,22.992813661621156,71.27078502752984,22.538914778530977,3.75200756087053,41.0,-75.0
2025-01-06 04:00:00,CityB,41.176193166762616,25.522859203880866,84.2506468998096,20.350535609438346,1.9637212105069979,41.0,-75.0
2025-01-06 05:00:00,CityB,35.02347071109482,27.77348949456062,64.6865742514884,22.24758828082765,1.716700968572007,41.0,-75.0
2025-01-06 06:00:00,CityB,33.91731320759019,22.665909141903644,71.51390867232735,18.352373972617716,1.2754087627010158,41.0,-75.0
2025-01-06 07:00:00,CityB,36.430199622235634,24.90019403879879,95.40804739635612,25.861078581949194,0.08136908562404344,41.0,-75.0
2025-01-06 08:00:00,CityB,44.87633947124118,25.070268042508644,74.75054961161962,22.558583070069428,4.293613141066917,41.0,-75.0
2025-01-06 09:00:00,CityB,35.442501732242306,26.799296673647767,60.58163006589752,28.91887970278744,2.607825805226058,41.0,-75.0
2025-01-06 10:00:00,CityB,38.99323203853379,24.02310364153033,63.64145976848348,17.658664857308565,1.2205373496668326,41.0,-75.0
2025-01-06 11:00:00,CityB,43.070042370793466,26.376294641489878,70.6192123172307,11.78737526209272,4.081934955611587,41.0,-75.0
2025-01-06 12:00:00,CityB,44.06408813256126,29.163521361890073,56.45757460320311,23.589404214345148,4.859585790876835,41.0,-75.0
2025-01-06 13:00:00,CityB,40.51274211431975,26.409151614641214,72.03517302189564,15.422076096619387,2.1163486163984113,41.0,-75.0
2025-01-06 14:00:00,CityB,39.642833938727335,26.298907677514308,52.88807939498088,21.516080563657386,2.2890415227363015,41.0,-75.0
2025-01-06 15:00:00,CityB,44.76560455879976,21.94891528052272,71.5797550319804,21.733125741457727,1.13031157594499,41.0,-75.0
2025-01-06 16:00:00,CityB,42.677293112751755,25.36309501004659,63.913683707099466,18.203718027833965,3.9825876458193403,41.0,-75.0
2025-01-06 17:00:00,CityB,38.2502911859832,27.474641831106325,78.32302627877759,26.839820663788153,4.816970954865835,41.0,-75.0
2025-01-06 18:00:00,CityB,46.29894625559668,23.475916454429516,68.0006540916987,15.713483451261387,4.396349614316527,41.0,-75.0
2025-01-06 19:00:00,CityB,41.30474502282652,23.688647149577132,68.9486725653229,30.014232655210932,3.4812643021489578,41.0,-75.0
2025-01-06 20:00:00,CityB,40.82035000971315,26.16566706654027,63.86279922131291,22.419523308070968,2.055099287915332,41.0,-75.0
2025-01-06 21:00:00,CityB,33.208876677149895,20.854083378806905,76.65981840807142,22.355876494376098,3.953880721216387,41.0,-75.0
2025-01-06 22:00:00,CityB,40.285949861931265,18.956663022882893,74.43736740449458,28.23224530267461,0.14268902271865724,41.0,-75.0
2025-01-06 23:00:00,CityB,32.74434345704989,30.31156775572147,70.81485204703618,18.766760792366142,4.513472467575591,41.0,-75.0
2025-01-07 00:00:00,CityB,34.41621966460354,30.67162070059872,79.7239160279168,16.674984549933804,1.9263348687641386,41.0,-75.0
2025-01-07 01:00:00,CityB,40.828592748290724,27.72274226974806,67.84462573654415,23.03020789174286,2.131353493857226,41.0,-75.0
2025-01-07 02:00:00,CityB,30.749449091626406,22.712545836777892,61.1181252402715,30.253913082519652,1.3303085485352169,41.0,-75.0
2025-01-07 03:00:00,CityB,35.545900560735156,23.055746135219817,70.92179722035208,23.697751344921688,1.349571814165712,41.0,-75.0
2025-01-07 04:00:00,CityB,39.070611370765484,24.656820326984167,71.65895501794913,22.569744379685496,2.744167966072648,41.0,-75.0
2025-01-07 05:00:00,CityB,41.84172370446321,19.4830135508276,89.19845109518029,29.654677552571922,0.3857109131969594,41.0,-75.0
2025-01-07 06:00:00,CityB,38.79261749022759,20.839272212796075,68.27739667162415,20.939275984180664,3.8225536612783015,41.0,-75.0
2025-01-07 07:00:00,CityB,34.9253032647542,25.71278607765532,65.59640434399365,25.564343658408117,0.6398327357388928,41.0,-75.0
2025-01-07 08:00:00,CityB,41.796129794876705,21.825715257204656,70.09459983601478,11.04100459047428,4.084825964888259,41.0,-75.0
2025-01-07 09:00:00,CityB,41.95266345926959,27.266145058581557,58.19891171333935,11.444294192912103,0.007960620566102028,41.0,-75.0
2025-01-07 10:00:00,CityB,42.82193040859932,23.019898581587135,84.77579725505024,14.425553354159966,3.8735219355253028,41.0,-75.0
2025-01-07 11:00:00,CityB,37.049165714590465,21.960426466205508,68.23816675027257,15.779986475691967,0.09828332718782473,41.0,-75.0
2025-01-07 12:00:00,CityB,42.63429636491086,28.58835427962177,74.9219632580918,25.622559516599996,3.0693267339958545,41.0,-75.0
2025-01-07 13:00:00,CityB,41.287197446403326,28.352780171138086,66.70977976646819,21.767032035421806,0.30795695885659,41.0,-75.0
2025-01-07 14:00:00,CityB,39.31246665248146,23.923323968385276,73.79153657107449,13.509916828652756,3.393100274754607,41.0,-75.0
2025-01-07 15:00:00,CityB,48.10490530180003,22.89247966848843,74.22458002664914,20.78308004998578,4.214828818327025,41.0,-75.0
2025-01-07 16:00:00,CityB,52.18811021849349,23.01577945145153,73.58275729533283,19.15203291307938,4.7291915157769715,41.0,-75.0
2025-01-07 17:00:00,CityB,38.51712328303823,22.352095299482645,78.38010133119008,16.09182742406025,2.21749362345021,41.0,-75.0
2025-01-07 18:00:00,CityB,45.51176384355324,25.531374283150914,66.24682916965081,25.373768820298572,1.7244582309256284,41.0,-75.0
2025-01-07 19:00:00,CityB,33.083610445681465,29.307730599375066,71.44932307028475,22.66008692759458,4.048836932141638,41.0,-75.0
2025-01-07 20:00:00,CityB,34.23344380418074,23.133946302443604,64.42123462911324,21.32288739152199,1.3155527458404925,41.0,-75.0
2025-01-07 21:00:00,CityB,38.95246883423973,27.324156002264537,83.63753237679852,19.298416144436494,3.962966430186985,41.0,-75.0
2025-01-07 22:00:00,CityB,35.843011793797565,25.472897839940238,73.09821839999857,17.723287117233635,4.951681975811924,41.0,-75.0
2025-01-07 23:00:00,CityB,40.692748406716355,24.66051464257379,83.26453331932046,21.490012382127013,0.4481294152123061,41.0,-75.0
2025-01-01 00:00:00,CityC,43.55811532289448,25.12357875378734,56.55181386730023,20.30712077846772,2.8939706128223297,42.0,-76.0
2025-01-01 01:00:00,CityC,42.91687266507357,25.66890376766418,67.22306469637998,21.370399779594457,3.642492847896279,42.0,-76.0
2025-01-01 02:00:00,CityC,36.37003786693918,29.95623521298333,79.22101951034651,14.648939785083364,4.0329603235512055,42.0,-76.0
2025-01-01 03:00:00,CityC,48.40507764317096,24.503254315045893,58.87591090524524,16.876576943000543,1.321017302623252,42.0,-76.0
2025-01-01 04:00:00,CityC,45.20901257705785,28.15248215889258,76.45193381684489,26.128578740408518,3.167078238347898,42.0,-76.0
2025-01-01 05:00:00,CityC,42.555356634815354,23.862801167112977,63.97617298077692,16.58909723038288,3.4322275252202203,42.0,-76.0
2025-01-01 06:00:00,CityC,34.614841103602025,22.13041789861852,75.97254710948292,23.633849772999184,1.6346950010684007,42.0,-76.0
2025-01-01 07:00:00,CityC,34.238047390215435,26.040208807985636,83.08109331068397,17.171881099885137,3.885710026411315,42.0,-76.0
2025-01-01 08:00:00,CityC,43.833982271425924,27.147385467241588,66.52287430244955,23.88762426989716,0.7330827659696937,42.0,-76.0
2025-01-01 09:00:00,CityC,32.615535208440086,24.593007130004214,82.42151643617441,7.515354317977804,2.5757021723942413,42.0,-76.0
2025-01-01 10:00:00,CityC,36.327637976292124,27.67966929119231,68.33575318160311,12.082030579127844,0.5164037301377278,42.0,-76.0
2025-01-01 11:00:00,CityC,31.686051909625107,31.621650198582067,65.37585401415359,13.37053449801176,4.077532491980528,42.0,-76.0
2025-01-01 12:00:00,CityC,35.39352065753968,20.828350208846192,81.15885888175214,13.87575746339721,2.802112590459325,42.0,-76.0
2025-01-01 13:00:00,CityC,45.99724442898699,21.457422355913916,65.35810011186896,18.32768727650468,1.261515583176478,42.0,-76.0
2025-01-01 14:00:00,CityC,45.16989281278826,24.756831699509807,68.8059009593312,30.257041454325467,3.422209987921371,42.0,-76.0
2025-01-01 15:00:00,CityC,36.32951066706914,22.56471440045504,69.38828310859755,28.456573339742242,2.841592049902272,42.0,-76.0
2025-01-01 16:00:00,CityC,38.78744598312039,25.71440927228999,74.22143175377242,23.630845125253067,1.4282686231246988,42.0,-76.0
2025-01-01 17:00:00,CityC,32.748160714146366,17.565834106803408,61.753273526236526,11.754493568530282,4.107722323713275,42.0,-76.0
2025-01-01 18:00:00,CityC,39.53215180516694,27.49365741640785,68.41184632814873,29.42760155142517,3.8815744640374006,42.0,-76.0
2025-01-01 19:00:00,CityC,36.304767735929424,22.70198135579139,87.19176816660081,19.91689146490546,1.880640703906784,42.0,-76.0
2025-01-01 20:00:00,CityC,46.08668943614317,25.431718896666908,67.18973407506576,20.732472459982358,1.9704895627151493,42.0,-76.0
2025-01-01 21:00:00,CityC,36.94671575778024,24.503211862449962,80.64833205074072,25.24229221233178,3.234816826563565,42.0,-76.0
2025-01-01 22:00:00,CityC,36.16569441277755,23.39354137688061,68.86145527066692,22.211285626453332,1.2130060577085917,42.0,-76.0
2025-01-01 23:00:00,CityC,38.09564796596336,22.30852854423745,61.72407363926489,12.942057597520641,1.128211520870905,42.0,-76.0
2025-01-02 00:00:00,CityC,42.25496503951863,26.87913446408588,91.23218215994244,17.119556305412683,4.236556322140042,42.0,-76.0
2025-01-02 01:00:00,CityC,40.1397460563364,22.832136396000692,80.77895591198622,24.736680570905953,2.2117618820413956,42.0,-76.0
2025-01-02 02:00:00,CityC,37.258871320986266,22.56169172048851,66.05426963777785,20.45855438767085,0.12691316847571354,42.0,-76.0
2025-01-02 03:00:00,CityC,42.41471208241764,26.890365847942245,59.336630304573355,24.728988773551414,4.460770477208504,42.0,-76.0
2025-01-02 04:00:00,CityC,49.83395602593859,21.367449613155983,66.3334034652743,22.628473263133557,0.8900745309680419,42.0,-76.0
2025-01-02 05:00:00,CityC,45.2676442103753,33.22114350744469,66.50147552516744,16.091270445099568,4.824638004150464,42.0,-76.0
2025-01-02 06:00:00,CityC,37.490328881930154,23.737610677453688,76.36913189818989,16.869717163449234,4.457364382654329,42.0,-76.0
2025-01-02 07:00:00,CityC,31.207162846084856,22.36420349345188,66.69119046969634,24.206534369926743,3.9358018031950355,42.0,-76.0
2025-01-02 08:00:00,CityC,40.84485983137117,29.844560286232717,61.305320593581115,25.98135209979416,3.831722524348502,42.0,-76.0
2025-01-02 09:00:00,CityC,34.9799912736814,22.772115053703768,77.85675259617646,22.04443885419632,1.2893883507014587,42.0,-76.0
2025-01-02 10:00:00,CityC,28.56714031948034,27.882813082995888,53.212295680936656,20.853484034868824,0.42744779015788437,42.0,-76.0
2025-01-02 11:00:00,CityC,34.87804953500695,23.967045173295038,74.78961695196087,26.22341236205766,0.13825769686402367,42.0,-76.0
2025-01-02 12:00:00,CityC,37.202710056792384,25.7830422730186,72.66250965020704,21.43721899014975,1.4712181756806202,42.0,-76.0
2025-01-02 13:00:00,CityC,31.618615033612564,25.475887050771988,71.50107658380834,23.43978354094886,0.7220091872869533,42.0,-76.0
2025-01-02 14:00:00,CityC,40.034657569698744,23.622995674334195,71.47071952973178,17.227570730859128,2.705301466315115,42.0,-76.0
2025-01-02 15:00:00,CityC,42.743780304506174,26.116407760735196,72.18667151174401,12.00780758247423,0.8444661781208557,42.0,-76.0
2025-01-02 16:00:00,CityC,40.96096201494861,24.855531139157662,49.66916049347273,25.792432792996955,1.9434340915552446,42.0,-76.0
2025-01-02 17:00:00,CityC,41.29674317667641,20.275526647988006,69.00118975974593,16.47264106573505,1.6212535510210517,42.0,-76.0
2025-01-02 18:00:00,CityC,36.57574612982181,24.321858507509788,75.87487026895593,15.451649420923989,3.6213553820789173,42.0,-76.0
2025-01-02 19:00:00,CityC,40.271150327758036,26.645615676806838,72.65463104556892,29.354829950765954,4.232965083129333,42.0,-76.0
2025-01-02 20:00:00,CityC,35.171680474967175,25.41859403967325,83.35688416626311,22.888157715132778,2.971661630252399,42.0,-76.0
2025-01-02 21:00:00,CityC,34.454911242177914,22.18064336261785,82.21406801375913,20.854602258453973,2.2692626553187996,42.0,-76.0
2025-01-02 22:00:00,CityC,39.34774426782729,24.447409536770223,74.12758918563485,24.265880529768474,4.9082666880393715,42.0,-76.0
2025-01-02 23:00:00,CityC,48.690653563528095,27.525549660281744,70.74099688540262,23.9318405796987,2.844185398174753,42.0,-76.0
2025-01-03 00:00:00,CityC,32.27441376588098,28.033734565944343,84.01801006118386,23.285055480880807,0.7501021680140374,42.0,-76.0
2025-01-03 01:00:00,CityC,39.414887364396016,26.230172462898157,68.90014020006589,27.831007596205065,0.7689277823630014,42.0,-76.0
2025-01-03 02:00:00,CityC,32.36122253671748,22.31991838698792,92.66540893378345,12.198598286048657,1.1696677637871238,42.0,-76.0
2025-01-03 03:00:00,CityC,43.725941975136834,28.256511892169335,94.26293149496225,16.914034864782522,1.4801689550729713,42.0,-76.0
2025-01-03 04:00:00,CityC,44.383038149954,30.30739211463132,85.7183376062527,16.529709444642535,0.16259856874551393,42.0,-76.0
2025-01-03 05:00:00,CityC,48.29575633500402,27.22734451134234,73.44627308092124,25.69251767781269,4.935148911063364,42.0,-76.0
2025-01-03 06:00:00,CityC,44.099994944810696,24.888645617101943,64.4480843532348,14.573944904168615,2.326942365259682,42.0,-76.0
2025-01-03 07:00:00,CityC,41.56030528284071,23.64410697318232,46.346531039393234,18.301416270295462,1.2261130850857516,42.0,-76.0
2025-01-03 08:00:00,CityC,38.89700187262041,28.61758353542829,68.30911730240227,29.333949196880855,2.092587814145588,42.0,-76.0
2025-01-03 09:00:00,CityC,45.59889148816009,25.935145167391706,73.98985794580246,21.603606736930555,3.0827160905213526,42.0,-76.0
2025-01-03 10:00:00,CityC,43.32414231302783,24.34042342041531,74.16846268946921,16.771014757972047,4.701374425617412,42.0,-76.0
2025-01-03 11:00:00,CityC,43.027924693804756,24.205439791311985,71.46284438506292,27.41349364683744,1.0675329815820538,42.0,-76.0
2025-01-03 12:00:00,CityC,32.607297055765386,24.905719292042455,56.146236736183276,17.92674838364767,3.664660199211695,42.0,-76.0
2025-01-03 13:00:00,CityC,49.9158263471851,26.145896733145246,74.06529544059175,19.004882439508275,4.09044353666079,42.0,-76.0
2025-01-03 14:00:00,CityC,42.518951631863665,29.749764732353924,68.41169835539444,23.91136622901486,0.709426515770018,42.0,-76.0
2025-01-03 15:00:00,CityC,39.18757053918251,22.685847206938117,68.78086612416952,25.674354930236056,3.7453959186025716,42.0,-76.0
2025-01-03 16:00:00,CityC,40.082496125356364,25.42816300301702,67.34061624260687,22.128321987447308,4.144795738973382,42.0,-76.0
2025-01-03 17:00:00,CityC,32.20444281408768,26.637963033697442,55.82195693824802,21.562440315376936,2.62114904065047,42.0,-76.0
2025-01-03 18:00:00,CityC,44.75548827366912,20.628166358744053,55.504868959951764,15.624962339856586,3.512755609196427,42.0,-76.0
2025-01-03 19:00:00,CityC,51.31049008465945,22.619856769314325,101.86872846833788,17.18500823476473,1.1437323129579835,42.0,-76.0
2025-01-03 20:00:00,CityC,36.0860960616797,22.88915449723994,70.67839766635952,24.117056780308147,4.832365312102195,42.0,-76.0
2025-01-03 21:00:00,CityC,40.04409212119544,28.38459266664287,68.11980221787269,11.421281011850402,1.715375177629146,42.0,-76.0
2025-01-03 22:00:00,CityC,50.6169820465081,23.230521906293834,63.26616075263769,8.518289758322554,3.0446250063213904,42.0,-76.0
2025-01-03 23:00:00,CityC,33.6279084937739,19.46123926198904,70.79062430962857,27.918878812332444,0.25015923825712716,42.0,-76.0
2025-01-04 00:00:00,CityC,46.70888356969206,24.532204451404098,68.53658142449162,17.367461360476703,2.2252746815434215,42.0,-76.0
2025-01-04 01:00:00,CityC,41.479209656842755,27.705309482695746,74.6703881753831,14.982322706515403,0.6217561467038885,42.0,-76.0
2025-01-04 02:00:00,CityC,38.71051421873614,27.41076487549906,63.018547679852034,21.05372676255412,0.19850695287391584,42.0,-76.0
2025-01-04 03:00:00,CityC,46.462030248431425,24.107906185740713,78.24659992208497,18.306216245389187,2.022199273487763,42.0,-76.0
2025-01-04 04:00:00,CityC,45.221325685182265,23.513667395320947,47.34465615335526,20.433661036586535,1.1418308472784622,42.0,-76.0
2025-01-04 05:00:00,CityC,42.033482780789384,24.888722867677767,78.89683199862895,19.22262608084453,4.23463544819202,42.0,-76.0
2025-01-04 06:00:00,CityC,49.504496755481696,27.49043385041436,66.67248903372203,20.795532031056517,3.560543179739521,42.0,-76.0
2025-01-04 07:00:00,CityC,50.825130598154736,25.299000328756858,63.761164006880556,22.420777119679105,2.852117372416253,42.0,-76.0
2025-01-04 08:00:00,CityC,40.831300131400916,27.93324940608139,74.35862948573076,19.615348437090823,3.0309709935585634,42.0,-76.0
2025-01-04 09:00:00,CityC,33.45782225277873,30.143068122918898,68.22998175673067,22.703659202569053,0.2341897551944172,42.0,-76.0
2025-01-04 10:00:00,CityC,30.578241994431984,22.824361777080913,66.6932862550664,21.577203486981492,0.27909356414953734,42.0,-76.0
2025-01-04 11:00:00,CityC,27.822055464614607,27.094339121224248,71.77817330538548,22.433281177601014,4.748896875670706,42.0,-76.0
2025-01-04 12:00:00,CityC,52.093988886157746,18.82083787966395,67.42264651763136,16.009783455839028,4.930840816417345,42.0,-76.0
2025-01-04 13:00:00,CityC,41.76416001826604,27.593705003320647,64.60676203369815,30.088623703510255,0.5807635648467718,42.0,-76.0
2025-01-04 14:00:00,CityC,41.301738526489935,27.537975147047057,58.404649276927486,17.791090620381194,0.49309594064048057,42.0,-76.0
2025-01-04 15:00:00,CityC,35.62033869917592,25.819695236586192,73.1077543915993,19.311916514989438,0.6907412301447158,42.0,-76.0
2025-01-04 16:00:00,CityC,49.32622297060605,26.131280026533155,64.49525827903643,16.743379615948243,1.7652922163523117,42.0,-76.0
2025-01-04 17:00:00,CityC,44.21383218972991,27.9228199546692,72.09525732748952,20.989880543099723,1.7008540350502872,42.0,-76.0
2025-01-04 18:00:00,CityC,37.64438248556797,27.302485939404068,67.10212058019432,26.19571570733519,0.24590529701198183,42.0,-76.0
2025-01-04 19:00:00,CityC,45.29131423256143,32.34483541946534,50.16582013001009,18.146539962024423,2.0300301244768804,42.0,-76.0
2025-01-04 20:00:00,CityC,45.691326488078616,22.46480871417206,67.05917703803259,15.389007365012917,1.6355916376792385,42.0,-76.0
2025-01-04 21:00:00,CityC,35.622084070030105,20.40019841627919,70.65466182624668,19.81869635750505,4.195065662402947,42.0,-76.0
2025-01-04 22:00:00,CityC,41.35781853948404,25.145836512513867,59.27069636228132,20.658041149174785,2.7141631971631286,42.0,-76.0
2025-01-04 23:00:00,CityC,43.989617144536716,25.39136761877276,71.97528760114326,19.190097378513247,2.4505435608013553,42.0,-76.0
2025-01-05 00:00:00,CityC,37.8857397358036,22.612771688775013,69.35823981421466,15.682292508369976,0.5762149817229695,42.0,-76.0
2025-01-05 01:00:00,CityC,28.28557531102858,26.29950738004107,68.04657546858168,16.009860250088753,3.383740299215418,42.0,-76.0
2025-01-05 02:00:00,CityC,48.171459716365945,25.42932688039706,62.5286706827319,17.96661472878583,4.895736636864342,42.0,-76.0
2025-01-05 03:00:00,CityC,39.826265434352806,28.65147647481275,57.4091186485648,22.290716615623648,3.6235937858491543,42.0,-76.0
2025-01-05 04:00:00,CityC,34.42315790584557,25.112580786191522,57.39669510157648,12.69751026830611,2.7840386298514046,42.0,-76.0
2025-01-05 05:00:00,CityC,31.785822418513906,24.28216479436638,69.02547833461905,24.489004650344576,3.8640095120415485,42.0,-76.0
2025-01-05 06:00:00,CityC,47.49096448263468,22.312692121089366,65.56562473940681,12.938142854937668,3.801415538288992,42.0,-76.0
2025-01-05 07:00:00,CityC,41.14704294909183,22.683608294574494,70.05113880207826,22.662389711869658,2.52004000947176,42.0,-76.0
2025-01-05 08:00:00,CityC,40.5021180034685,24.81899642902823,72.89325373902838,21.53272698203482,3.8255439786541356,42.0,-76.0
2025-01-05 09:00:00,CityC,32.02196377745275,23.50632836274289,78.45902394018977,13.030864461063777,1.343775570232213,42.0,-76.0
2025-01-05 10:00:00,CityC,42.059896871027675,32.9432890664292,55.61542923032351,24.311167995939797,0.0037456254256601484,42.0,-76.0
2025-01-05 11:00:00,CityC,44.95447206277886,27.229855413230563,60.66665660792828,18.198568532179888,2.910645180415056,42.0,-76.0
2025-01-05 12:00:00,CityC,47.62506255535461,24.59295677636124,62.08896402462483,18.89743054776837,4.8129461388356,42.0,-76.0
2025-01-05 13:00:00,CityC,37.44444855125274,24.773633452451115,88.99947034981943,17.972155296757265,3.8549827251816007,42.0,-76.0
2025-01-05 14:00:00,CityC,38.386721033542244,19.303562356100404,68.60730168168296,15.523964764603864,4.505706351774443,42.0,-76.0
2025-01-05 15:00:00,CityC,43.38558371364552,26.281212932325527,85.7932753874167,14.178398559793868,2.6861382504958358,42.0,-76.0
2025-01-05 16:00:00,CityC,42.16301303622701,30.869447579828897,63.01023177499823,28.07051096178662,3.1946963393332704,42.0,-76.0
2025-01-05 17:00:00,CityC,32.59338090234068,26.131225515145246,56.38640096270833,20.811842671928126,1.230495377518432,42.0,-76.0
2025-01-05 18:00:00,CityC,36.05496265027876,22.661862064540472,70.06579617767738,35.13352898059305,3.538879863103332,42.0,-76.0
2025-01-05 19:00:00,CityC,46.95750220646231,27.714598335189304,77.78997625989615,13.069226197630503,0.0902136111798918,42.0,-76.0
2025-01-05 20:00:00,CityC,36.37030518774105,25.92650494647692,82.35109411541727,16.030219838320704,4.692950479502679,42.0,-76.0
2025-01-05 21:00:00,CityC,43.30855919630481,24.703919362262656,73.44352301473307,19.9271270525436,4.967857067501118,42.0,-76.0
2025-01-05 22:00:00,CityC,35.28033377466655,25.679902110964846,73.10665947614184,11.76366180957777,3.584343547771107,42.0,-76.0
2025-01-05 23:00:00,CityC,35.558547470404996,28.759680913169493,73.84953324836694,25.67114455468542,2.656852584559424,42.0,-76.0
2025-01-06 00:00:00,CityC,46.18172061642229,21.77516444901967,77.2648628619753,18.070965293705182,0.8729541433769589,42.0,-76.0
2025-01-06 01:00:00,CityC,36.30817764012863,30.60554066505809,63.563374152068214,16.496218433357814,3.882569986152384,42.0,-76.0
2025-01-06 02:00:00,CityC,45.36086846034956,15.906460524771536,63.484635093351756,14.910907898772129,0.9863000095308766,42.0,-76.0
2025-01-06 03:00:00,CityC,43.86824089681413,22.7744978559417,78.87894336556417,18.03769881956595,2.243764622391681,42.0,-76.0
2025-01-06 04:00:00,CityC,40.94344563478489,31.31353774663424,83.17821427330979,31.508287281842605,1.8293036941608976,42.0,-76.0
2025-01-06 05:00:00,CityC,42.61600259464029,23.98590203181578,73.46391315309498,12.337442957816933,0.45005048380543367,42.0,-76.0
2025-01-06 06:00:00,CityC,32.79932518506276,22.052215408690756,75.21428771050579,12.473759895813984,0.8532839699850031,42.0,-76.0
2025-01-06 07:00:00,CityC,40.93384573958317,23.191041184611375,63.440201520825525,18.258667468223177,3.089073679341623,42.0,-76.0
2025-01-06 08:00:00,CityC,42.18135638120962,21.808525775621302,75.76115107571576,15.124178700737094,3.5329149762675423,42.0,-76.0
2025-01-06 09:00:00,CityC,44.18870935751937,24.679854827950624,77.90995824644314,18.99858232233964,1.7310600173262836,42.0,-76.0
2025-01-06 10:00:00,CityC,39.09902474308483,25.681635079436457,78.00269747454887,29.026279092968643,1.3616321817131471,42.0,-76.0
2025-01-06 11:00:00,CityC,51.771462675811755,26.48012398401622,72.27616964444968,24.809408785153227,2.0541464705300996,42.0,-76.0
2025-01-06 12:00:00,CityC,32.09563139460323,24.219885970735884,61.152334095113616,12.29893963185702,1.856677867282683,42.0,-76.0
2025-01-06 13:00:00,CityC,42.179491195006875,21.40966557993398,71.67552789335724,22.78773825243708,0.2233135600024938,42.0,-76.0
2025-01-06 14:00:00,CityC,40.92107349611908,23.201373146310637,61.759945745872756,18.302361917857343,4.181875276042782,42.0,-76.0
2025-01-06 15:00:00,CityC,50.37845068569289,31.440099328101898,68.02400317965437,22.4141636766796,4.913783748839115,42.0,-76.0
2025-01-06 16:00:00,CityC,44.22905185025845,24.611819833994208,77.00930274268812,25.626793833910032,0.5515696388860869,42.0,-76.0
2025-01-06 17:00:00,CityC,43.41668474517288,25.55258643587321,60.00691716335109,26.691629874841265,3.9581978137269793,42.0,-76.0
2025-01-06 18:00:00,CityC,38.801749992756584,20.251121746597388,67.56698779162379,12.964591290009558,4.994259053494617,42.0,-76.0
2025-01-06 19:00:00,CityC,36.374978000971126,27.416701718794414,75.93934954889544,22.048831000710404,3.144878924673483,42.0,-76.0
2025-01-06 20:00:00,CityC,39.60621169610292,27.83435926247818,64.63088290339707,26.99790159313805,1.1421175441412097,42.0,-76.0
2025-01-06 21:00:00,CityC,43.30038204332358,28.21411600862638,74.85631856711598,20.012040875126992,1.2422235577176228,42.0,-76.0
2025-01-06 22:00:00,CityC,46.53391105378017,28.54481184718853,75.41637871590531,26.205193483948715,2.4286395119969044,42.0,-76.0
2025-01-06 23:00:00,CityC,36.52500463175277,28.041496280953492,49.59625084777004,23.374459395430147,3.1305805332316625,42.0,-76.0
2025-01-07 00:00:00,CityC,44.98663911768947,27.735851344416766,67.42821153944621,19.213558556213748,2.0637868154355683,42.0,-76.0
2025-01-07 01:00:00,CityC,40.250658016087876,22.92053054198391,72.98843831632468,13.370969190269347,4.530357509642624,42.0,-76.0
2025-01-07 02:00:00,CityC,49.21104013352206,26.832665366814005,64.401717367484,17.795882106914675,0.8822832589435309,42.0,-76.0
2025-01-07 03:00:00,CityC,36.43319309106218,27.860030549826345,94.97430464795355,17.35220701594505,3.2799888652691944,42.0,-76.0
2025-01-07 04:00:00,CityC,38.380826507208276,25.119358028899324,75.84307204137075,22.82300269184853,1.5511806533521266,42.0,-76.0
2025-01-07 05:00:00,CityC,35.21161724349475,24.058423708051834,71.17201884268526,24.791660308125923,0.7822408594810076,42.0,-76.0
2025-01-07 06:00:00,CityC,34.60577439298683,23.889809724414164,64.68543040851758,22.18149838280855,0.5845649518736101,42.0,-76.0
2025-01-07 07:00:00,CityC,36.25760611685202,30.236030724960546,53.30000642277303,26.794303573945324,1.4597360355867695,42.0,-76.0
2025-01-07 08:00:00,CityC,44.363303268947405,25.551402658508692,56.35145869643376,19.28525769596075,0.20360709287853662,42.0,-76.0
2025-01-07 09:00:00,CityC,43.91081604879389,25.607718425654724,60.79996436935005,16.68887792180514,1.4996923351135223,42.0,-76.0
2025-01-07 10:00:00,CityC,41.954541050152834,23.574837315414833,47.396147283898294,16.78074597276375,0.4630825740121425,42.0,-76.0
2025-01-07 11:00:00,CityC,38.09104287191822,24.49802902228454,66.56600680762978,15.779754894960291,3.0802489643743627,42.0,-76.0
2025-01-07 12:00:00,CityC,40.61897995090201,28.75396569397554,73.51990213086918,19.39077941912395,1.6886951658016347,42.0,-76.0
2025-01-07 13:00:00,CityC,38.50281711985223,22.974095123407338,67.07197095464312,18.26108815539053,2.499550600637224,42.0,-76.0
2025-01-07 14:00:00,CityC,43.95614308318686,25.544321199218032,64.94600588210464,17.15882472654372,1.1067141768801085,42.0,-76.0
2025-01-07 15:00:00,CityC,39.48486773917626,23.94202448997851,82.2752966662531,19.06328891232406,0.10168924869036644,42.0,-76.0
2025-01-07 16:00:00,CityC,43.79836799748904,27.926873912853146,67.59550876011548,14.567114762309012,3.8549088560837093,42.0,-76.0
2025-01-07 17:00:00,CityC,40.92542988816029,26.86324951959153,68.49109222607838,21.54568622739079,1.4308894579387987,42.0,-76.0
2025-01-07 18:00:00,CityC,46.32478875359436,27.815753297234515,82.75763803114182,16.753612900424123,0.25397068381316723,42.0,-76.0
2025-01-07 19:00:00,CityC,58.095120188838564,27.39293434178856,79.2661560355977,27.2453235247268,4.127208943477643,42.0,-76.0
2025-01-07 20:00:00,CityC,40.82174773181237,20.984827341601463,55.420626344175595,15.980678843937802,2.2695229233849328,42.0,-76.0
2025-01-07 21:00:00,CityC,39.691783406931194,20.022470662659156,72.8718641015646,22.184674967327556,3.3057281371250147,42.0,-76.0
2025-01-07 22:00:00,CityC,46.78694275435294,27.164166255313464,71.79018320388494,14.102331242093278,3.4807029819136788,42.0,-76.0
2025-01-07 23:00:00,CityC,36.91260861347694,25.67875078870635,62.54349099283156,25.65041850611352,4.9534465082948,42.0,-76.0
