timestamp,city,traffic_volume,lat,lon
2025-01-01 00:00:00,CityA,1029,40.0,-74.0
2025-01-01 01:00:00,CityA,1030,40.0,-74.0
2025-01-01 02:00:00,CityA,1132,40.0,-74.0
2025-01-01 03:00:00,CityA,1126,40.0,-74.0
2025-01-01 04:00:00,CityA,1108,40.0,-74.0
2025-01-01 05:00:00,CityA,1192,40.0,-74.0
2025-01-01 06:00:00,CityA,1182,40.0,-74.0
2025-01-01 07:00:00,CityA,1205,40.0,-74.0
2025-01-01 08:00:00,CityA,1177,40.0,-74.0
2025-01-01 09:00:00,CityA,1176,40.0,-74.0
2025-01-01 10:00:00,CityA,1056,40.0,-74.0
2025-01-01 11:00:00,CityA,1087,40.0,-74.0
2025-01-01 12:00:00,CityA,1006,40.0,-74.0
2025-01-01 13:00:00,CityA,932,40.0,-74.0
2025-01-01 14:00:00,CityA,877,40.0,-74.0
2025-01-01 15:00:00,CityA,850,40.0,-74.0
2025-01-01 16:00:00,CityA,823,40.0,-74.0
2025-01-01 17:00:00,CityA,798,40.0,-74.0
2025-01-01 18:00:00,CityA,866,40.0,-74.0
2025-01-01 19:00:00,CityA,798,40.0,-74.0
2025-01-01 20:00:00,CityA,808,40.0,-74.0
2025-01-01 21:00:00,CityA,873,40.0,-74.0
2025-01-01 22:00:00,CityA,929,40.0,-74.0
2025-01-01 23:00:00,CityA,987,40.0,-74.0
2025-01-02 00:00:00,CityA,967,40.0,-74.0
2025-01-02 01:00:00,CityA,987,40.0,-74.0
2025-01-02 02:00:00,CityA,1102,40.0,-74.0
2025-01-02 03:00:00,CityA,1174,40.0,-74.0
2025-01-02 04:00:00,CityA,1206,40.0,-74.0
2025-01-02 05:00:00,CityA,1150,40.0,-74.0
2025-01-02 06:00:00,CityA,1134,40.0,-74.0
2025-01-02 07:00:00,CityA,1243,40.0,-74.0
2025-01-02 08:00:00,CityA,1178,40.0,-74.0
2025-01-02 09:00:00,CityA,1162,40.0,-74.0
2025-01-02 10:00:00,CityA,1136,40.0,-74.0
2025-01-02 11:00:00,CityA,1035,40.0,-74.0
2025-01-02 12:00:00,CityA,992,40.0,-74.0
2025-01-02 13:00:00,CityA,877,40.0,-74.0
2025-01-02 14:00:00,CityA,905,40.0,-74.0
2025-01-02 15:00:00,CityA,874,40.0,-74.0
2025-01-02 16:00:00,CityA,880,40.0,-74.0
2025-01-02 17:00:00,CityA,822,40.0,-74.0
2025-01-02 18:00:00,CityA,779,40.0,-74.0
2025-01-02 19:00:00,CityA,838,40.0,-74.0
2025-01-02 20:00:00,CityA,826,40.0,-74.0
2025-01-02 21:00:00,CityA,878,40.0,-74.0
2025-01-02 22:00:00,CityA,874,40.0,-74.0
2025-01-02 23:00:00,CityA,980,40.0,-74.0
2025-01-03 00:00:00,CityA,995,40.0,-74.0
2025-01-03 01:00:00,CityA,1102,40.0,-74.0
2025-01-03 02:00:00,CityA,1099,40.0,-74.0
2025-01-03 03:00:00,CityA,1097,40.0,-74.0
2025-01-03 04:00:00,CityA,1177,40.0,-74.0
2025-01-03 05:00:00,CityA,1219,40.0,-74.0
2025-01-03 06:00:00,CityA,1174,40.0,-74.0
2025-01-03 07:00:00,CityA,1225,40.0,-74.0
2025-01-03 08:00:00,CityA,1136,40.0,-74.0
2025-01-03 09:00:00,CityA,1174,40.0,-74.0
2025-01-03 10:00:00,CityA,1090,40.0,-74.0
2025-01-03 11:00:00,CityA,1096,40.0,-74.0
2025-01-03 12:00:00,CityA,1004,40.0,-74.0
2025-01-03 13:00:00,CityA,953,40.0,-74.0
2025-01-03 14:00:00,CityA,905,40.0,-74.0
2025-01-03 15:00:00,CityA,861,40.0,-74.0
2025-01-03 16:00:00,CityA,831,40.0,-74.0
2025-01-03 17:00:00,CityA,775,40.0,-74.0
2025-01-03 18:00:00,CityA,824,40.0,-74.0
2025-01-03 19:00:00,CityA,778,40.0,-74.0
2025-01-03 20:00:00,CityA,817,40.0,-74.0
2025-01-03 21:00:00,CityA,831,40.0,-74.0
2025-01-03 22:00:00,CityA,895,40.0,-74.0
2025-01-03 23:00:00,CityA,941,40.0,-74.0
2025-01-04 00:00:00,CityA,978,40.0,-74.0
2025-01-04 01:00:00,CityA,1058,40.0,-74.0
2025-01-04 02:00:00,CityA,1148,40.0,-74.0
2025-01-04 03:00:00,CityA,1204,40.0,-74.0
2025-01-04 04:00:00,CityA,1182,40.0,-74.0
2025-01-04 05:00:00,CityA,1177,40.0,-74.0
2025-01-04 06:00:00,CityA,1178,40.0,-74.0
2025-01-04 07:00:00,CityA,1205,40.0,-74.0
2025-01-04 08:00:00,CityA,1121,40.0,-74.0
2025-01-04 09:00:00,CityA,1081,40.0,-74.0
2025-01-04 10:00:00,CityA,1087,40.0,-74.0
2025-01-04 11:00:00,CityA,1063,40.0,-74.0
2025-01-04 12:00:00,CityA,1019,40.0,-74.0
2025-01-04 13:00:00,CityA,944,40.0,-74.0
2025-01-04 14:00:00,CityA,916,40.0,-74.0
2025-01-04 15:00:00,CityA,886,40.0,-74.0
2025-01-04 16:00:00,CityA,829,40.0,-74.0
2025-01-04 17:00:00,CityA,784,40.0,-74.0
2025-01-04 18:00:00,CityA,789,40.0,-74.0
2025-01-04 19:00:00,CityA,816,40.0,-74.0
2025-01-04 20:00:00,CityA,833,40.0,-74.0
2025-01-04 21:00:00,CityA,840,40.0,-74.0
2025-01-04 22:00:00,CityA,887,40.0,-74.0
2025-01-04 23:00:00,CityA,910,40.0,-74.0
2025-01-05 00:00:00,CityA,1079,40.0,-74.0
2025-01-05 01:00:00,CityA,990,40.0,-74.0
2025-01-05 02:00:00,CityA,1097,40.0,-74.0
2025-01-05 03:00:00,CityA,1101,40.0,-74.0
2025-01-05 04:00:00,CityA,1175,40.0,-74.0
2025-01-05 05:00:00,CityA,1170,40.0,-74.0
2025-01-05 06:00:00,CityA,1277,40.0,-74.0
2025-01-05 07:00:00,CityA,1179,40.0,-74.0
2025-01-05 08:00:00,CityA,1178,40.0,-74.0
2025-01-05 09:00:00,CityA,1139,40.0,-74.0
2025-01-05 10:00:00,CityA,1063,40.0,-74.0
2025-01-05 11:00:00,CityA,1068,40.0,-74.0
2025-01-05 12:00:00,CityA,1008,40.0,-74.0
2025-01-05 13:00:00,CityA,943,40.0,-74.0
2025-01-05 14:00:00,CityA,888,40.0,-74.0
2025-01-05 15:00:00,CityA,876,40.0,-74.0
2025-01-05 16:00:00,CityA,822,40.0,-74.0
2025-01-05 17:00:00,CityA,792,40.0,-74.0
2025-01-05 18:00:00,CityA,771,40.0,-74.0
2025-01-05 19:00:00,CityA,793,40.0,-74.0
2025-01-05 20:00:00,CityA,791,40.0,-74.0
2025-01-05 21:00:00,CityA,877,40.0,-74.0
2025-01-05 22:00:00,CityA,844,40.0,-74.0
2025-01-05 23:00:00,CityA,987,40.0,-74.0
2025-01-06 00:00:00,CityA,980,40.0,-74.0
2025-01-06 01:00:00,CityA,1047,40.0,-74.0
2025-01-06 02:00:00,CityA,1067,40.0,-74.0
2025-01-06 03:00:00,CityA,1097,40.0,-74.0
2025-01-06 04:00:00,CityA,1203,40.0,-74.0
2025-01-06 05:00:00,CityA,1089,40.0,-74.0
2025-01-06 06:00:00,CityA,1152,40.0,-74.0
2025-01-06 07:00:00,CityA,1129,40.0,-74.0
2025-01-06 08:00:00,CityA,1185,40.0,-74.0
2025-01-06 09:00:00,CityA,1176,40.0,-74.0
2025-01-06 10:00:00,CityA,1157,40.0,-74.0
2025-01-06 11:00:00,CityA,1067,40.0,-74.0
2025-01-06 12:00:00,CityA,997,40.0,-74.0
2025-01-06 13:00:00,CityA,960,40.0,-74.0
2025-01-06 14:00:00,CityA,901,40.0,-74.0
2025-01-06 15:00:00,CityA,845,40.0,-74.0
2025-01-06 16:00:00,CityA,845,40.0,-74.0
2025-01-06 17:00:00,CityA,875,40.0,-74.0
2025-01-06 18:00:00,CityA,819,40.0,-74.0
2025-01-06 19:00:00,CityA,737,40.0,-74.0
2025-01-06 20:00:00,CityA,794,40.0,-74.0
2025-01-06 21:00:00,CityA,876,40.0,-74.0
2025-01-06 22:00:00,CityA,906,40.0,-74.0
2025-01-06 23:00:00,CityA,923,40.0,-74.0
2025-01-07 00:00:00,CityA,1029,40.0,-74.0
2025-01-07 01:00:00,CityA,1064,40.0,-74.0
2025-01-07 02:00:00,CityA,1119,40.0,-74.0
2025-01-07 03:00:00,CityA,1182,40.0,-74.0
2025-01-07 04:00:00,CityA,1171,40.0,-74.0
2025-01-07 05:00:00,CityA,1207,40.0,-74.0
2025-01-07 06:00:00,CityA,1209,40.0,-74.0
2025-01-07 07:00:00,CityA,1179,40.0,-74.0
2025-01-07 08:00:00,CityA,1176,40.0,-74.0
2025-01-07 09:00:00,CityA,1180,40.0,-74.0
2025-01-07 10:00:00,CityA,1108,40.0,-74.0
2025-01-07 11:00:00,CityA,1115,40.0,-74.0
2025-01-07 12:00:00,CityA,970,40.0,-74.0
2025-01-07 13:00:00,CityA,919,40.0,-74.0
2025-01-07 14:00:00,CityA,891,40.0,-74.0
2025-01-07 15:00:00,CityA,885,40.0,-74.0
2025-01-07 16:00:00,CityA,857,40.0,-74.0
2025-01-07 17:00:00,CityA,771,40.0,-74.0
2025-01-07 18:00:00,CityA,839,40.0,-74.0
2025-01-07 19:00:00,CityA,826,40.0,-74.0
2025-01-07 20:00:00,CityA,879,40.0,-74.0
2025-01-07 21:00:00,CityA,843,40.0,-74.0
2025-01-07 22:00:00,CityA,871,40.0,-74.0
2025-01-07 23:00:00,CityA,879,40.0,-74.0
2025-01-01 00:00:00,CityB,1056,41.0,-75.0
2025-01-01 01:00:00,CityB,1033,41.0,-75.0
2025-01-01 02:00:00,CityB,1084,41.0,-75.0
2025-01-01 03:00:00,CityB,1146,41.0,-75.0
2025-01-01 04:00:00,CityB,1144,41.0,-75.0
2025-01-01 05:00:00,CityB,1216,41.0,-75.0
2025-01-01 06:00:00,CityB,1230,41.0,-75.0
2025-01-01 07:00:00,CityB,1154,41.0,-75.0
2025-01-01 08:00:00,CityB,1154,41.0,-75.0
2025-01-01 09:00:00,CityB,1168,41.0,-75.0
2025-01-01 10:00:00,CityB,1085,41.0,-75.0
2025-01-01 11:00:00,CityB,1032,41.0,-75.0
2025-01-01 12:00:00,CityB,997,41.0,-75.0
2025-01-01 13:00:00,CityB,911,41.0,-75.0
2025-01-01 14:00:00,CityB,882,41.0,-75.0
2025-01-01 15:00:00,CityB,830,41.0,-75.0
2025-01-01 16:00:00,CityB,868,41.0,-75.0
2025-01-01 17:00:00,CityB,850,41.0,-75.0
2025-01-01 18:00:00,CityB,793,41.0,-75.0
2025-01-01 19:00:00,CityB,835,41.0,-75.0
2025-01-01 20:00:00,CityB,918,41.0,-75.0
2025-01-01 21:00:00,CityB,893,41.0,-75.0
2025-01-01 22:00:00,CityB,907,41.0,-75.0
2025-01-01 23:00:00,CityB,932,41.0,-75.0
2025-01-02 00:00:00,CityB,1006,41.0,-75.0
2025-01-02 01:00:00,CityB,1082,41.0,-75.0
2025-01-02 02:00:00,CityB,1064,41.0,-75.0
2025-01-02 03:00:00,CityB,1218,41.0,-75.0
2025-01-02 04:00:00,CityB,1186,41.0,-75.0
2025-01-02 05:00:00,CityB,1148,41.0,-75.0
2025-01-02 06:00:00,CityB,1203,41.0,-75.0
2025-01-02 07:00:00,CityB,1209,41.0,-75.0
2025-01-02 08:00:00,CityB,1175,41.0,-75.0
2025-01-02 09:00:00,CityB,1106,41.0,-75.0
2025-01-02 10:00:00,CityB,1099,41.0,-75.0
2025-01-02 11:00:00,CityB,1061,41.0,-75.0
2025-01-02 12:00:00,CityB,1002,41.0,-75.0
2025-01-02 13:00:00,CityB,953,41.0,-75.0
2025-01-02 14:00:00,CityB,928,41.0,-75.0
2025-01-02 15:00:00,CityB,908,41.0,-75.0
2025-01-02 16:00:00,CityB,841,41.0,-75.0
2025-01-02 17:00:00,CityB,827,41.0,-75.0
2025-01-02 18:00:00,CityB,815,41.0,-75.0
2025-01-02 19:00:00,CityB,769,41.0,-75.0
2025-01-02 20:00:00,CityB,834,41.0,-75.0
2025-01-02 21:00:00,CityB,827,41.0,-75.0
2025-01-02 22:00:00,CityB,907,41.0,-75.0
2025-01-02 23:00:00,CityB,945,41.0,-75.0
2025-01-03 00:00:00,CityB,1043,41.0,-75.0
2025-01-03 01:00:00,CityB,1006,41.0,-75.0
2025-01-03 02:00:00,CityB,1079,41.0,-75.0
2025-01-03 03:00:00,CityB,1129,41.0,-75.0
2025-01-03 04:00:00,CityB,1185,41.0,-75.0
2025-01-03 05:00:00,CityB,1148,41.0,-75.0
2025-01-03 06:00:00,CityB,1190,41.0,-75.0
2025-01-03 07:00:00,CityB,1191,41.0,-75.0
2025-01-03 08:00:00,CityB,1147,41.0,-75.0
2025-01-03 09:00:00,CityB,1115,41.0,-75.0
2025-01-03 10:00:00,CityB,1136,41.0,-75.0
2025-01-03 11:00:00,CityB,1074,41.0,-75.0
2025-01-03 12:00:00,CityB,1042,41.0,-75.0
2025-01-03 13:00:00,CityB,937,41.0,-75.0
2025-01-03 14:00:00,CityB,895,41.0,-75.0
2025-01-03 15:00:00,CityB,820,41.0,-75.0
2025-01-03 16:00:00,CityB,818,41.0,-75.0
2025-01-03 17:00:00,CityB,796,41.0,-75.0
2025-01-03 18:00:00,CityB,773,41.0,-75.0
2025-01-03 19:00:00,CityB,803,41.0,-75.0
2025-01-03 20:00:00,CityB,818,41.0,-75.0
2025-01-03 21:00:00,CityB,820,41.0,-75.0
2025-01-03 22:00:00,CityB,894,41.0,-75.0
2025-01-03 23:00:00,CityB,897,41.0,-75.0
2025-01-04 00:00:00,CityB,974,41.0,-75.0
2025-01-04 01:00:00,CityB,1018,41.0,-75.0
2025-01-04 02:00:00,CityB,1129,41.0,-75.0
2025-01-04 03:00:00,CityB,1178,41.0,-75.0
2025-01-04 04:00:00,CityB,1179,41.0,-75.0
2025-01-04 05:00:00,CityB,1234,41.0,-75.0
2025-01-04 06:00:00,CityB,1293,41.0,-75.0
2025-01-04 07:00:00,CityB,1207,41.0,-75.0
2025-01-04 08:00:00,CityB,1130,41.0,-75.0
2025-01-04 09:00:00,CityB,1122,41.0,-75.0
2025-01-04 10:00:00,CityB,1117,41.0,-75.0
2025-01-04 11:00:00,CityB,1099,41.0,-75.0
2025-01-04 12:00:00,CityB,1040,41.0,-75.0
2025-01-04 13:00:00,CityB,953,41.0,-75.0
2025-01-04 14:00:00,CityB,891,41.0,-75.0
2025-01-04 15:00:00,CityB,926,41.0,-75.0
2025-01-04 16:00:00,CityB,862,41.0,-75.0
2025-01-04 17:00:00,CityB,791,41.0,-75.0
2025-01-04 18:00:00,CityB,808,41.0,-75.0
2025-01-04 19:00:00,CityB,813,41.0,-75.0
2025-01-04 20:00:00,CityB,862,41.0,-75.0
2025-01-04 21:00:00,CityB,889,41.0,-75.0
2025-01-04 22:00:00,CityB,875,41.0,-75.0
2025-01-04 23:00:00,CityB,949,41.0,-75.0
2025-01-05 00:00:00,CityB,1007,41.0,-75.0
2025-01-05 01:00:00,CityB,1089,41.0,-75.0
2025-01-05 02:00:00,CityB,1099,41.0,-75.0
2025-01-05 03:00:00,CityB,1157,41.0,-75.0
2025-01-05 04:00:00,CityB,1153,41.0,-75.0
2025-01-05 05:00:00,CityB,1160,41.0,-75.0
2025-01-05 06:00:00,CityB,1167,41.0,-75.0
2025-01-05 07:00:00,CityB,1161,41.0,-75.0
2025-01-05 08:00:00,CityB,1200,41.0,-75.0
2025-01-05 09:00:00,CityB,1157,41.0,-75.0
2025-01-05 10:00:00,CityB,1087,41.0,-75.0
2025-01-05 11:00:00,CityB,1052,41.0,-75.0
2025-01-05 12:00:00,CityB,1010,41.0,-75.0
2025-01-05 13:00:00,CityB,981,41.0,-75.0
2025-01-05 14:00:00,CityB,885,41.0,-75.0
2025-01-05 15:00:00,CityB,850,41.0,-75.0
2025-01-05 16:00:00,CityB,821,41.0,-75.0
2025-01-05 17:00:00,CityB,802,41.0,-75.0
2025-01-05 18:00:00,CityB,810,41.0,-75.0
2025-01-05 19:00:00,CityB,796,41.0,-75.0
2025-01-05 20:00:00,CityB,817,41.0,-75.0
2025-01-05 21:00:00,CityB,820,41.0,-75.0
2025-01-05 22:00:00,CityB,874,41.0,-75.0
2025-01-05 23:00:00,CityB,968,41.0,-75.0
2025-01-06 00:00:00,CityB,999,41.0,-75.0
2025-01-06 01:00:00,CityB,1069,41.0,-75.0
2025-01-06 02:00:00,CityB,1083,41.0,-75.0
2025-01-06 03:00:00,CityB,1158,41.0,-75.0
2025-01-06 04:00:00,CityB,1116,41.0,-75.0
2025-01-06 05:00:00,CityB,1114,41.0,-75.0
2025-01-06 06:00:00,CityB,1198,41.0,-75.0
2025-01-06 07:00:00,CityB,1182,41.0,-75.0
2025-01-06 08:00:00,CityB,1174,41.0,-75.0
2025-01-06 09:00:00,CityB,1189,41.0,-75.0
2025-01-06 10:00:00,CityB,1098,41.0,-75.0
2025-01-06 11:00:00,CityB,1052,41.0,-75.0
2025-01-06 12:00:00,CityB,983,41.0,-75.0
2025-01-06 13:00:00,CityB,937,41.0,-75.0
2025-01-06 14:00:00,CityB,871,41.0,-75.0
2025-01-06 15:00:00,CityB,863,41.0,-75.0
2025-01-06 16:00:00,CityB,801,41.0,-75.0
2025-01-06 17:00:00,CityB,796,41.0,-75.0
2025-01-06 18:00:00,CityB,769,41.0,-75.0
2025-01-06 19:00:00,CityB,815,41.0,-75.0
2025-01-06 20:00:00,CityB,832,41.0,-75.0
2025-01-06 21:00:00,CityB,838,41.0,-75.0
2025-01-06 22:00:00,CityB,875,41.0,-75.0
2025-01-06 23:00:00,CityB,922,41.0,-75.0
2025-01-07 00:00:00,CityB,1002,41.0,-75.0
2025-01-07 01:00:00,CityB,1030,41.0,-75.0
2025-01-07 02:00:00,CityB,1068,41.0,-75.0
2025-01-07 03:00:00,CityB,1148,41.0,-75.0
2025-01-07 04:00:00,CityB,1201,41.0,-75.0
2025-01-07 05:00:00,CityB,1209,41.0,-75.0
2025-01-07 06:00:00,CityB,1228,41.0,-75.0
2025-01-07 07:00:00,CityB,1163,41.0,-75.0
2025-01-07 08:00:00,CityB,1197,41.0,-75.0
2025-01-07 09:00:00,CityB,1128,41.0,-75.0
2025-01-07 10:00:00,CityB,1128,41.0,-75.0
2025-01-07 11:00:00,CityB,1058,41.0,-75.0
2025-01-07 12:00:00,CityB,981,41.0,-75.0
2025-01-07 13:00:00,CityB,940,41.0,-75.0
2025-01-07 14:00:00,CityB,884,41.0,-75.0
2025-01-07 15:00:00,CityB,890,41.0,-75.0
2025-01-07 16:00:00,CityB,829,41.0,-75.0
2025-01-07 17:00:00,CityB,829,41.0,-75.0
2025-01-07 18:00:00,CityB,800,41.0,-75.0
2025-01-07 19:00:00,CityB,828,41.0,-75.0
2025-01-07 20:00:00,CityB,793,41.0,-75.0
2025-01-07 21:00:00,CityB,860,41.0,-75.0
2025-01-07 22:00:00,CityB,896,41.0,-75.0
2025-01-07 23:00:00,CityB,965,41.0,-75.0
2025-01-01 00:00:00,CityC,992,42.0,-76.0
2025-01-01 01:00:00,CityC,1003,42.0,-76.0
2025-01-01 02:00:00,CityC,1137,42.0,-76.0
2025-01-01 03:00:00,CityC,1158,42.0,-76.0
2025-01-01 04:00:00,CityC,1190,42.0,-76.0
2025-01-01 05:00:00,CityC,1199,42.0,-76.0
2025-01-01 06:00:00,CityC,1178,42.0,-76.0
2025-01-01 07:00:00,CityC,1136,42.0,-76.0
2025-01-01 08:00:00,CityC,1149,42.0,-76.0
2025-01-01 09:00:00,CityC,1132,42.0,-76.0
2025-01-01 10:00:00,CityC,1113,42.0,-76.0
2025-01-01 11:00:00,CityC,1055,42.0,-76.0
2025-01-01 12:00:00,CityC,1027,42.0,-76.0
2025-01-01 13:00:00,CityC,896,42.0,-76.0
2025-01-01 14:00:00,CityC,900,42.0,-76.0
2025-01-01 15:00:00,CityC,870,42.0,-76.0
2025-01-01 16:00:00,CityC,810,42.0,-76.0
2025-01-01 17:00:00,CityC,815,42.0,-76.0
2025-01-01 18:00:00,CityC,830,42.0,-76.0
2025-01-01 19:00:00,CityC,747,42.0,-76.0
2025-01-01 20:00:00,CityC,813,42.0,-76.0
2025-01-01 21:00:00,CityC,838,42.0,-76.0
2025-01-01 22:00:00,CityC,901,42.0,-76.0
2025-01-01 23:00:00,CityC,968,42.0,-76.0
2025-01-02 00:00:00,CityC,1038,42.0,-76.0
2025-01-02 01:00:00,CityC,1070,42.0,-76.0
2025-01-02 02:00:00,CityC,1089,42.0,-76.0
2025-01-02 03:00:00,CityC,1117,42.0,-76.0
2025-01-02 04:00:00,CityC,1170,42.0,-76.0
2025-01-02 05:00:00,CityC,1185,42.0,-76.0
2025-01-02 06:00:00,CityC,1137,42.0,-76.0
2025-01-02 07:00:00,CityC,1173,42.0,-76.0
2025-01-02 08:00:00,CityC,1145,42.0,-76.0
2025-01-02 09:00:00,CityC,1131,42.0,-76.0
2025-01-02 10:00:00,CityC,1062,42.0,-76.0
2025-01-02 11:00:00,CityC,1063,42.0,-76.0
2025-01-02 12:00:00,CityC,979,42.0,-76.0
2025-01-02 13:00:00,CityC,952,42.0,-76.0
2025-01-02 14:00:00,CityC,922,42.0,-76.0
2025-01-02 15:00:00,CityC,862,42.0,-76.0
2025-01-02 16:00:00,CityC,843,42.0,-76.0
2025-01-02 17:00:00,CityC,805,42.0,-76.0
2025-01-02 18:00:00,CityC,797,42.0,-76.0
2025-01-02 19:00:00,CityC,816,42.0,-76.0
2025-01-02 20:00:00,CityC,835,42.0,-76.0
2025-01-02 21:00:00,CityC,860,42.0,-76.0
2025-01-02 22:00:00,CityC,899,42.0,-76.0
2025-01-02 23:00:00,CityC,968,42.0,-76.0
2025-01-03 00:00:00,CityC,1058,42.0,-76.0
2025-01-03 01:00:00,CityC,1045,42.0,-76.0
2025-01-03 02:00:00,CityC,1155,42.0,-76.0
2025-01-03 03:00:00,CityC,1109,42.0,-76.0
2025-01-03 04:00:00,CityC,1117,42.0,-76.0
2025-01-03 05:00:00,CityC,1215,42.0,-76.0
2025-01-03 06:00:00,CityC,1147,42.0,-76.0
2025-01-03 07:00:00,CityC,1181,42.0,-76.0
2025-01-03 08:00:00,CityC,1214,42.0,-76.0
2025-01-03 09:00:00,CityC,1126,42.0,-76.0
2025-01-03 10:00:00,CityC,1134,42.0,-76.0
2025-01-03 11:00:00,CityC,1092,42.0,-76.0
2025-01-03 12:00:00,CityC,1009,42.0,-76.0
2025-01-03 13:00:00,CityC,954,42.0,-76.0
2025-01-03 14:00:00,CityC,948,42.0,-76.0
2025-01-03 15:00:00,CityC,899,42.0,-76.0
2025-01-03 16:00:00,CityC,780,42.0,-76.0
2025-01-03 17:00:00,CityC,822,42.0,-76.0
2025-01-03 18:00:00,CityC,765,42.0,-76.0
2025-01-03 19:00:00,CityC,810,42.0,-76.0
2025-01-03 20:00:00,CityC,823,42.0,-76.0
2025-01-03 21:00:00,CityC,880,42.0,-76.0
2025-01-03 22:00:00,CityC,865,42.0,-76.0
2025-01-03 23:00:00,CityC,905,42.0,-76.0
2025-01-04 00:00:00,CityC,998,42.0,-76.0
2025-01-04 01:00:00,CityC,1048,42.0,-76.0
2025-01-04 02:00:00,CityC,1115,42.0,-76.0
2025-01-04 03:00:00,CityC,1161,42.0,-76.0
2025-01-04 04:00:00,CityC,1122,42.0,-76.0
2025-01-04 05:00:00,CityC,1198,42.0,-76.0
2025-01-04 06:00:00,CityC,1245,42.0,-76.0
2025-01-04 07:00:00,CityC,1167,42.0,-76.0
2025-01-04 08:00:00,CityC,1235,42.0,-76.0
2025-01-04 09:00:00,CityC,1222,42.0,-76.0
2025-01-04 10:00:00,CityC,1085,42.0,-76.0
2025-01-04 11:00:00,CityC,1118,42.0,-76.0
2025-01-04 12:00:00,CityC,1010,42.0,-76.0
2025-01-04 13:00:00,CityC,926,42.0,-76.0
2025-01-04 14:00:00,CityC,891,42.0,-76.0
2025-01-04 15:00:00,CityC,826,42.0,-76.0
2025-01-04 16:00:00,CityC,816,42.0,-76.0
2025-01-04 17:00:00,CityC,801,42.0,-76.0
2025-01-04 18:00:00,CityC,817,42.0,-76.0
2025-01-04 19:00:00,CityC,814,42.0,-76.0
2025-01-04 20:00:00,CityC,816,42.0,-76.0
2025-01-04 21:00:00,CityC,869,42.0,-76.0
2025-01-04 22:00:00,CityC,930,42.0,-76.0
2025-01-04 23:00:00,CityC,950,42.0,-76.0
2025-01-05 00:00:00,CityC,1002,42.0,-76.0
2025-01-05 01:00:00,CityC,1065,42.0,-76.0
2025-01-05 02:00:00,CityC,1073,42.0,-76.0
2025-01-05 03:00:00,CityC,1194,42.0,-76.0
2025-01-05 04:00:00,CityC,1182,42.0,-76.0
2025-01-05 05:00:00,CityC,1170,42.0,-76.0
2025-01-05 06:00:00,CityC,1202,42.0,-76.0
2025-01-05 07:00:00,CityC,1184,42.0,-76.0
2025-01-05 08:00:00,CityC,1180,42.0,-76.0
2025-01-05 09:00:00,CityC,1131,42.0,-76.0
2025-01-05 10:00:00,CityC,1110,42.0,-76.0
2025-01-05 11:00:00,CityC,1085,42.0,-76.0
2025-01-05 12:00:00,CityC,987,42.0,-76.0
2025-01-05 13:00:00,CityC,976,42.0,-76.0
2025-01-05 14:00:00,CityC,908,42.0,-76.0
2025-01-05 15:00:00,CityC,887,42.0,-76.0
2025-01-05 16:00:00,CityC,836,42.0,-76.0
2025-01-05 17:00:00,CityC,832,42.0,-76.0
2025-01-05 18:00:00,CityC,817,42.0,-76.0
2025-01-05 19:00:00,CityC,799,42.0,-76.0
2025-01-05 20:00:00,CityC,833,42.0,-76.0
2025-01-05 21:00:00,CityC,889,42.0,-76.0
2025-01-05 22:00:00,CityC,912,42.0,-76.0
2025-01-05 23:00:00,CityC,939,42.0,-76.0
2025-01-06 00:00:00,CityC,1041,42.0,-76.0
2025-01-06 01:00:00,CityC,1021,42.0,-76.0
2025-01-06 02:00:00,CityC,1070,42.0,-76.0
2025-01-06 03:00:00,CityC,1165,42.0,-76.0
2025-01-06 04:00:00,CityC,1106,42.0,-76.0
2025-01-06 05:00:00,CityC,1233,42.0,-76.0
2025-01-06 06:00:00,CityC,1232,42.0,-76.0
2025-01-06 07:00:00,CityC,1236,42.0,-76.0
2025-01-06 08:00:00,CityC,1202,42.0,-76.0
2025-01-06 09:00:00,CityC,1173,42.0,-76.0
2025-01-06 10:00:00,CityC,1028,42.0,-76.0
2025-01-06 11:00:00,CityC,1071,42.0,-76.0
2025-01-06 12:00:00,CityC,1007,42.0,-76.0
2025-01-06 13:00:00,CityC,937,42.0,-76.0
2025-01-06 14:00:00,CityC,933,42.0,-76.0
2025-01-06 15:00:00,CityC,821,42.0,-76.0
2025-01-06 16:00:00,CityC,840,42.0,-76.0
2025-01-06 17:00:00,CityC,820,42.0,-76.0
2025-01-06 18:00:00,CityC,772,42.0,-76.0
2025-01-06 19:00:00,CityC,779,42.0,-76.0
2025-01-06 20:00:00,CityC,825,42.0,-76.0
2025-01-06 21:00:00,CityC,864,42.0,-76.0
2025-01-06 22:00:00,CityC,929,42.0,-76.0
2025-01-06 23:00:00,CityC,970,42.0,-76.0
2025-01-07 00:00:00,CityC,1023,42.0,-76.0
2025-01-07 01:00:00,CityC,1047,42.0,-76.0
2025-01-07 02:00:00,CityC,1052,42.0,-76.0
2025-01-07 03:00:00,CityC,1108,42.0,-76.0
2025-01-07 04:00:00,CityC,1175,42.0,-76.0
2025-01-07 05:00:00,CityC,1301,42.0,-76.0
2025-01-07 06:00:00,CityC,1188,42.0,-76.0
2025-01-07 07:00:00,CityC,1201,42.0,-76.0
2025-01-07 08:00:00,CityC,1179,42.0,-76.0
2025-01-07 09:00:00,CityC,1093,42.0,-76.0
2025-01-07 10:00:00,CityC,1112,42.0,-76.0
2025-01-07 11:00:00,CityC,1022,42.0,-76.0
2025-01-07 12:00:00,CityC,1065,42.0,-76.0
2025-01-07 13:00:00,CityC,936,42.0,-76.0
2025-01-07 14:00:00,CityC,833,42.0,-76.0
2025-01-07 15:00:00,CityC,846,42.0,-76.0
2025-01-07 16:00:00,CityC,825,42.0,-76.0
2025-01-07 17:00:00,CityC,844,42.0,-76.0
2025-01-07 18:00:00,CityC,800,42.0,-76.0
2025-01-07 19:00:00,CityC,816,42.0,-76.0
2025-01-07 20:00:00,CityC,828,42.0,-76.0
2025-01-07 21:00:00,CityC,896,42.0,-76.0
2025-01-07 22:00:00,CityC,951,42.0,-76.0
2025-01-07 23:00:00,CityC,958,42.0,-76.0
